-- YARC - Yet Another Runeword Calculator
-- Seed data generated from blizzhackers/d2data

CREATE TABLE IF NOT EXISTS runes (
    id       INTEGER PRIMARY KEY,
    name_key TEXT NOT NULL,
    name_en  TEXT NOT NULL,
    clvl     INTEGER NOT NULL
);

CREATE TABLE IF NOT EXISTS rune_effects (
    id        INTEGER PRIMARY KEY,
    name_key  TEXT NOT NULL,
    item_type TEXT NOT NULL,
    effect_en TEXT NOT NULL
);

CREATE TABLE IF NOT EXISTS item_types (
    id      INTEGER PRIMARY KEY,
    code    TEXT NOT NULL UNIQUE,
    name_en TEXT NOT NULL
);

CREATE TABLE IF NOT EXISTS runewords (
    id            INTEGER PRIMARY KEY,
    name_key      TEXT NOT NULL,
    name_en       TEXT NOT NULL,
    runes_display TEXT NOT NULL,
    rune1_id      INTEGER NOT NULL,
    rune2_id      INTEGER NOT NULL,
    rune3_id      INTEGER,
    rune4_id      INTEGER,
    rune5_id      INTEGER,
    rune6_id      INTEGER,
    sockets       INTEGER NOT NULL,
    clvl          INTEGER NOT NULL,
    patch_min     INTEGER NOT NULL,
    patch_max     INTEGER,
    season_min    INTEGER,
    season_max    INTEGER,
    FOREIGN KEY (rune1_id) REFERENCES runes(id),
    FOREIGN KEY (rune2_id) REFERENCES runes(id),
    FOREIGN KEY (rune3_id) REFERENCES runes(id),
    FOREIGN KEY (rune4_id) REFERENCES runes(id),
    FOREIGN KEY (rune5_id) REFERENCES runes(id),
    FOREIGN KEY (rune6_id) REFERENCES runes(id)
);

CREATE TABLE IF NOT EXISTS runeword_effects (
    id        INTEGER PRIMARY KEY,
    name_key  TEXT NOT NULL,
    effect_en TEXT NOT NULL
);

CREATE TABLE IF NOT EXISTS runeword_item_types (
    runeword_id  INTEGER NOT NULL,
    item_type_id INTEGER NOT NULL,
    PRIMARY KEY (runeword_id, item_type_id),
    FOREIGN KEY (runeword_id)  REFERENCES runewords(id),
    FOREIGN KEY (item_type_id) REFERENCES item_types(id)
);

CREATE TABLE IF NOT EXISTS translations (
    id        INTEGER PRIMARY KEY,
    name_key  TEXT NOT NULL,
    lang      TEXT NOT NULL,
    value     TEXT NOT NULL,
    patch_min INTEGER,  -- NULL = valable depuis toujours
    patch_max INTEGER   -- NULL = encore valable aujourd hui
);
CREATE INDEX IF NOT EXISTS idx_translations ON translations (name_key, lang);

-- Runes
INSERT INTO runes (id, name_key, name_en, clvl) VALUES
    (1, 'rune.el', 'El', 11),
    (2, 'rune.eld', 'Eld', 11),
    (3, 'rune.tir', 'Tir', 13),
    (4, 'rune.nef', 'Nef', 13),
    (5, 'rune.eth', 'Eth', 15),
    (6, 'rune.ith', 'Ith', 15),
    (7, 'rune.tal', 'Tal', 17),
    (8, 'rune.ral', 'Ral', 19),
    (9, 'rune.ort', 'Ort', 21),
    (10, 'rune.thul', 'Thul', 23),
    (11, 'rune.amn', 'Amn', 25),
    (12, 'rune.sol', 'Sol', 27),
    (13, 'rune.shael', 'Shael', 29),
    (14, 'rune.dol', 'Dol', 31),
    (15, 'rune.hel', 'Hel', 0),
    (16, 'rune.io', 'Io', 35),
    (17, 'rune.lum', 'Lum', 37),
    (18, 'rune.ko', 'Ko', 39),
    (19, 'rune.fal', 'Fal', 41),
    (20, 'rune.lem', 'Lem', 43),
    (21, 'rune.pul', 'Pul', 45),
    (22, 'rune.um', 'Um', 47),
    (23, 'rune.mal', 'Mal', 49),
    (24, 'rune.ist', 'Ist', 51),
    (25, 'rune.gul', 'Gul', 53),
    (26, 'rune.vex', 'Vex', 55),
    (27, 'rune.ohm', 'Ohm', 57),
    (28, 'rune.lo', 'Lo', 59),
    (29, 'rune.sur', 'Sur', 61),
    (30, 'rune.ber', 'Ber', 63),
    (31, 'rune.jah', 'Jah', 65),
    (32, 'rune.cham', 'Cham', 67),
    (33, 'rune.zod', 'Zod', 69);

-- Item types
INSERT INTO item_types (id, code, name_en) VALUES
    (1, 'axe', 'Axes'),
    (2, 'club', 'Clubs'),
    (3, 'grim', 'Primal Helms (Druid)'),
    (4, 'h2h', 'Claws (Assassin)'),
    (5, 'hamm', 'Hammers'),
    (6, 'head', 'Necromancer Heads'),
    (7, 'helm', 'Helms'),
    (8, 'knif', 'Knives'),
    (9, 'mace', 'Maces'),
    (10, 'mele', 'Melee Weapons'),
    (11, 'miss', 'Missile Weapons'),
    (12, 'pala', 'Paladin Shields'),
    (13, 'pole', 'Polearms'),
    (14, 'scep', 'Scepters'),
    (15, 'shld', 'Shields'),
    (16, 'spea', 'Spears'),
    (17, 'staf', 'Staves'),
    (18, 'swor', 'Swords'),
    (19, 'tors', 'Body Armor'),
    (20, 'wand', 'Wands'),
    (21, 'weap', 'All Weapons');

-- Runewords
INSERT INTO runewords (id, name_key, name_en, runes_display, rune1_id, rune2_id, rune3_id, rune4_id, rune5_id, rune6_id, sockets, clvl, patch_min, patch_max, season_min, season_max) VALUES
    (1, 'runeword.ancients_pledge', 'Ancients'' Pledge', 'RalOrtTal', 8, 9, 7, NULL, NULL, NULL, 3, 21, 109, NULL, NULL, NULL),
    (2, 'runeword.authority', 'Authority', 'HelShaelRal', 15, 13, 8, NULL, NULL, NULL, 3, 29, 300, NULL, 13, NULL),
    (3, 'runeword.beast', 'Beast', 'BerTirUmMalLum', 30, 3, 22, 23, 17, NULL, 5, 63, 110, NULL, NULL, NULL),
    (4, 'runeword.black', 'Black', 'ThulIoNef', 10, 16, 4, NULL, NULL, NULL, 3, 35, 109, NULL, NULL, NULL),
    (5, 'runeword.bone', 'Bone', 'SolUmUm', 12, 22, 22, NULL, NULL, NULL, 3, 47, 111, NULL, NULL, NULL),
    (6, 'runeword.bramble', 'Bramble', 'RalOhmSurEth', 8, 27, 29, 5, NULL, NULL, 4, 61, 110, NULL, NULL, NULL),
    (7, 'runeword.brand', 'Brand', 'JahLoMalGul', 31, 28, 23, 25, NULL, NULL, 4, 65, 110, NULL, 1, NULL),
    (8, 'runeword.breath_of_the_dying', 'Breath of the Dying', 'VexHelElEldZodEth', 26, 15, 1, 2, 33, 5, 6, 69, 110, NULL, NULL, NULL),
    (9, 'runeword.bulwark', 'Bulwark', 'ShaelIoSol', 13, 16, 12, NULL, NULL, NULL, 3, 35, 260, NULL, 3, NULL),
    (10, 'runeword.call_to_arms', 'Call to Arms', 'AmnRalMalIstOhm', 11, 8, 23, 24, 27, NULL, 5, 57, 110, NULL, NULL, NULL),
    (11, 'runeword.chains_of_honor', 'Chains of Honor', 'DolUmBerIst', 14, 22, 30, 24, NULL, NULL, 4, 63, 110, NULL, NULL, NULL),
    (12, 'runeword.chaos', 'Chaos', 'FalOhmUm', 19, 27, 22, NULL, NULL, NULL, 3, 57, 110, NULL, NULL, NULL),
    (13, 'runeword.coven', 'Coven', 'IstRalIo', 24, 8, 16, NULL, NULL, NULL, 3, 51, 300, NULL, 13, NULL),
    (14, 'runeword.crescent_moon', 'Crescent Moon', 'ShaelUmTir', 13, 22, 3, NULL, NULL, NULL, 3, 47, 110, NULL, NULL, NULL),
    (15, 'runeword.cure', 'Cure', 'ShaelIoTal', 13, 16, 7, NULL, NULL, NULL, 3, 35, 260, NULL, 3, NULL),
    (16, 'runeword.death', 'Death', 'HelElVexOrtGul', 15, 1, 26, 9, 25, NULL, 5, 55, 110, NULL, 1, NULL),
    (17, 'runeword.delirium', 'Delirium', 'LemIstIo', 20, 24, 16, NULL, NULL, NULL, 3, 51, 110, NULL, NULL, NULL),
    (18, 'runeword.destruction', 'Destruction', 'VexLoBerJahKo', 26, 28, 30, 31, 18, NULL, 5, 65, 110, NULL, 1, NULL),
    (19, 'runeword.doom', 'Doom', 'HelOhmUmLoCham', 15, 27, 22, 28, 32, NULL, 5, 67, 110, NULL, NULL, NULL),
    (20, 'runeword.dragon', 'Dragon', 'SurLoSol', 29, 28, 12, NULL, NULL, NULL, 3, 61, 110, NULL, 1, NULL),
    (21, 'runeword.dream', 'Dream', 'IoJahPul', 16, 31, 21, NULL, NULL, NULL, 3, 65, 110, NULL, 1, NULL),
    (22, 'runeword.duress', 'Duress', 'ShaelUmThul', 13, 22, 10, NULL, NULL, NULL, 3, 47, 110, NULL, NULL, NULL),
    (23, 'runeword.edge', 'Edge', 'TirTalAmn', 3, 7, 11, NULL, NULL, NULL, 3, 25, 110, NULL, 1, NULL),
    (24, 'runeword.enigma', 'Enigma', 'JahIthBer', 31, 6, 30, NULL, NULL, NULL, 3, 65, 110, NULL, NULL, NULL),
    (25, 'runeword.enlightenment', 'Enlightenment', 'PulRalSur', 21, 8, 12, NULL, NULL, NULL, 3, 45, 111, NULL, NULL, NULL),
    (26, 'runeword.eternity', 'Eternity', 'AmnBerIstSolSur', 11, 30, 24, 12, 29, NULL, 5, 63, 110, NULL, NULL, NULL),
    (27, 'runeword.exile', 'Exile', 'VexOhmIstDol', 26, 27, 24, 14, NULL, NULL, 4, 57, 110, NULL, NULL, NULL),
    (28, 'runeword.faith', 'Faith', 'OhmJahLemEld', 27, 31, 20, 2, NULL, NULL, 4, 65, 110, NULL, 1, NULL),
    (29, 'runeword.famine', 'Famine', 'FalOhmOrtJah', 19, 27, 9, 31, NULL, NULL, 4, 65, 300, NULL, 13, NULL),
    (30, 'runeword.flickering_flame', 'Flickering Flame', 'NefPulVex', 4, 21, 26, NULL, NULL, NULL, 3, 55, 240, NULL, 1, NULL),
    (31, 'runeword.fortitude', 'Fortitude', 'ElSolDolLo', 1, 12, 14, 28, NULL, NULL, 4, 59, 110, NULL, 1, NULL),
    (32, 'runeword.fury', 'Fury', 'JahGulEth', 31, 25, 5, NULL, NULL, NULL, 3, 65, 109, NULL, NULL, NULL),
    (33, 'runeword.gloom', 'Gloom', 'FalUmPul', 19, 22, 21, NULL, NULL, NULL, 3, 47, 110, NULL, NULL, NULL),
    (34, 'runeword.grief', 'Grief', 'EthTirLoMalRal', 5, 3, 28, 23, 8, NULL, 5, 59, 110, NULL, 1, NULL),
    (35, 'runeword.ground', 'Ground', 'ShaelIoOrt', 13, 16, 9, NULL, NULL, NULL, 3, 35, 260, NULL, 3, NULL),
    (36, 'runeword.hand_of_justice', 'Hand of Justice', 'SurChamAmnLo', 29, 32, 11, 28, NULL, NULL, 4, 67, 110, NULL, NULL, NULL),
    (37, 'runeword.harmony', 'Harmony', 'TirIthSolKo', 3, 6, 12, 18, NULL, NULL, 4, 39, 110, NULL, 1, NULL),
    (38, 'runeword.heart_of_the_oak', 'Heart of the Oak', 'KoVexPulThul', 18, 26, 21, 10, NULL, NULL, 4, 55, 110, NULL, NULL, NULL),
    (39, 'runeword.hearth', 'Hearth', 'ShaelIoThul', 13, 16, 10, NULL, NULL, NULL, 3, 35, 260, NULL, 3, NULL),
    (40, 'runeword.holy_thunder', 'Holy Thunder', 'EthRalOrtTal', 5, 8, 9, 7, NULL, NULL, 4, 21, 109, NULL, NULL, NULL),
    (41, 'runeword.honor', 'Honor', 'AmnElIthTirSol', 11, 1, 6, 3, 12, NULL, 5, 27, 109, NULL, NULL, NULL),
    (42, 'runeword.hustle', 'Hustle', 'ShaelKoEld', 13, 18, 2, NULL, NULL, NULL, 3, 39, 260, NULL, 3, NULL),
    (43, 'runeword.mania', 'Mania', 'ShaelKoEld', 13, 18, 2, NULL, NULL, NULL, 3, 39, 260, NULL, 3, NULL),
    (44, 'runeword.ice', 'Ice', 'AmnShaelJahLo', 11, 13, 31, 28, NULL, NULL, 4, 65, 110, NULL, 1, NULL),
    (45, 'runeword.infinity', 'Infinity', 'BerMalBerIst', 30, 23, 30, 24, NULL, NULL, 4, 63, 110, NULL, 1, NULL),
    (46, 'runeword.insight', 'Insight', 'RalTirTalSol', 8, 3, 7, 12, NULL, NULL, 4, 27, 110, NULL, 1, NULL),
    (47, 'runeword.kings_grace', 'King''s Grace', 'AmnRalThul', 11, 8, 10, NULL, NULL, NULL, 3, 25, 109, NULL, 1, NULL),
    (48, 'runeword.kingslayer', 'Kingslayer', 'MalUmGulFal', 23, 22, 25, 19, NULL, NULL, 4, 53, 110, NULL, NULL, NULL),
    (49, 'runeword.last_wish', 'Last Wish', 'JahMalJahSurJahBer', 31, 23, 31, 29, 31, 30, 6, 65, 110, NULL, 1, NULL),
    (50, 'runeword.lawbringer', 'Lawbringer', 'AmnLemKo', 11, 20, 18, NULL, NULL, NULL, 3, 43, 110, NULL, 1, NULL),
    (51, 'runeword.leaf', 'Leaf', 'TirRal', 3, 8, NULL, NULL, NULL, NULL, 2, 19, 109, NULL, NULL, NULL),
    (52, 'runeword.lionheart', 'Lionheart', 'HelLumFal', 15, 17, 19, NULL, NULL, NULL, 3, 41, 109, NULL, NULL, NULL),
    (53, 'runeword.lore', 'Lore', 'OrtSol', 9, 12, NULL, NULL, NULL, NULL, 2, 27, 109, NULL, NULL, NULL),
    (54, 'runeword.malice', 'Malice', 'IthElEth', 6, 1, 5, NULL, NULL, NULL, 3, 15, 109, NULL, NULL, NULL),
    (55, 'runeword.melody', 'Melody', 'ShaelKoNef', 13, 18, 4, NULL, NULL, NULL, 3, 39, 109, NULL, NULL, NULL),
    (56, 'runeword.memory', 'Memory', 'LumIoSolEth', 17, 16, 12, 5, NULL, NULL, 4, 37, 109, NULL, NULL, NULL),
    (57, 'runeword.metamorphosis', 'Metamorphosis', 'IoChamFal', 16, 32, 19, NULL, NULL, NULL, 3, 67, 260, NULL, 3, NULL),
    (58, 'runeword.mist', 'Mist', 'ChamShaelGulThulIth', 32, 13, 25, 10, 6, NULL, 5, 67, 240, NULL, 1, NULL),
    (59, 'runeword.mosaic', 'Mosaic', 'MalGulAmn', 23, 25, 11, NULL, NULL, NULL, 3, 53, 260, NULL, 3, 3),
    (60, 'runeword.myth', 'Myth', 'HelAmnNef', 15, 11, 4, NULL, NULL, NULL, 3, 25, 111, NULL, NULL, NULL),
    (61, 'runeword.nadir', 'Nadir', 'NefTir', 4, 3, NULL, NULL, NULL, NULL, 2, 13, 109, NULL, NULL, NULL),
    (62, 'runeword.oath', 'Oath', 'ShaelPulMalLum', 13, 21, 23, 17, NULL, NULL, 4, 49, 110, NULL, 1, NULL),
    (63, 'runeword.obedience', 'Obedience', 'HelKoThulEthFal', 15, 18, 10, 5, 19, NULL, 5, 41, 110, NULL, 1, NULL),
    (64, 'runeword.obsession', 'Obsession', 'ZodIstLemLumIoNef', 33, 24, 20, 17, 16, 4, 6, 69, 240, NULL, 1, NULL),
    (65, 'runeword.passion', 'Passion', 'DolOrtEldLem', 14, 9, 2, 20, NULL, NULL, 4, 43, 110, NULL, NULL, NULL),
    (66, 'runeword.pattern', 'Pattern', 'TalOrtThul', 7, 9, 10, NULL, NULL, NULL, 3, 23, 240, NULL, 1, NULL),
    (67, 'runeword.peace', 'Peace', 'ShaelThulAmn', 13, 10, 11, NULL, NULL, NULL, 3, 29, 111, NULL, NULL, NULL),
    (68, 'runeword.phoenix', 'Phoenix', 'VexVexLoJah', 26, 26, 28, 31, NULL, NULL, 4, 65, 110, NULL, 1, NULL),
    (69, 'runeword.plague', 'Plague', 'ChamShaelUm', 32, 13, 22, NULL, NULL, NULL, 3, 67, 240, NULL, 1, NULL),
    (70, 'runeword.pride', 'Pride', 'ChamSurIoLo', 32, 29, 16, 28, NULL, NULL, 4, 67, 110, NULL, 1, NULL),
    (71, 'runeword.principle', 'Principle', 'RalGulEld', 8, 25, 2, NULL, NULL, NULL, 3, 53, 111, NULL, NULL, NULL),
    (72, 'runeword.prudence', 'Prudence', 'MalTir', 23, 3, NULL, NULL, NULL, NULL, 2, 49, 110, NULL, NULL, NULL),
    (73, 'runeword.radiance', 'Radiance', 'NefSolIth', 4, 12, 6, NULL, NULL, NULL, 3, 27, 109, NULL, NULL, NULL),
    (74, 'runeword.rain', 'Rain', 'OrtMalIth', 9, 23, 6, NULL, NULL, NULL, 3, 49, 111, NULL, NULL, NULL),
    (75, 'runeword.rhyme', 'Rhyme', 'ShaelEth', 13, 5, NULL, NULL, NULL, NULL, 2, 29, 109, NULL, NULL, NULL),
    (76, 'runeword.rift', 'Rift', 'HelKoLemGul', 15, 18, 20, 25, NULL, NULL, 4, 53, 110, NULL, 1, NULL),
    (77, 'runeword.ritual', 'Ritual', 'AmnShaelOhm', 11, 13, 27, NULL, NULL, NULL, 3, 57, 300, NULL, 13, NULL),
    (78, 'runeword.sanctuary', 'Sanctuary', 'KoKoMal', 18, 18, 23, NULL, NULL, NULL, 3, 49, 110, NULL, NULL, NULL),
    (79, 'runeword.silence', 'Silence', 'DolEldHelIstTirVex', 14, 2, 15, 24, 3, 26, 6, 55, 109, NULL, NULL, NULL),
    (80, 'runeword.smoke', 'Smoke', 'NefLum', 4, 17, NULL, NULL, NULL, NULL, 2, 37, 109, NULL, NULL, NULL),
    (81, 'runeword.spirit', 'Spirit', 'TalThulOrtAmn', 7, 10, 9, 11, NULL, NULL, 4, 25, 110, NULL, 1, NULL),
    (82, 'runeword.splendor', 'Splendor', 'EthLum', 5, 17, NULL, NULL, NULL, NULL, 2, 37, 110, NULL, NULL, NULL),
    (83, 'runeword.stealth', 'Stealth', 'TalEth', 7, 5, NULL, NULL, NULL, NULL, 2, 17, 109, NULL, NULL, NULL),
    (84, 'runeword.steel', 'Steel', 'TirEl', 3, 1, NULL, NULL, NULL, NULL, 2, 13, 109, NULL, NULL, NULL),
    (85, 'runeword.stone', 'Stone', 'ShaelUmPulLum', 13, 22, 21, 17, NULL, NULL, 4, 47, 110, NULL, NULL, NULL),
    (86, 'runeword.strength', 'Strength', 'AmnTir', 11, 3, NULL, NULL, NULL, NULL, 2, 25, 109, NULL, NULL, NULL),
    (87, 'runeword.temper', 'Temper', 'ShaelIoRal', 13, 16, 8, NULL, NULL, NULL, 3, 35, 260, NULL, 3, NULL),
    (88, 'runeword.treachery', 'Treachery', 'ShaelThulLem', 13, 10, 20, NULL, NULL, NULL, 3, 43, 111, NULL, NULL, NULL),
    (89, 'runeword.unbending_will', 'Unbending Will', 'FalIoIthEldElHel', 19, 16, 6, 2, 1, 15, 6, 41, 240, NULL, 1, NULL),
    (90, 'runeword.venom', 'Venom', 'TalDolMal', 7, 14, 23, NULL, NULL, NULL, 3, 49, 109, NULL, NULL, NULL),
    (91, 'runeword.vigilance', 'Vigilance', 'DolGul', 14, 25, NULL, NULL, NULL, NULL, 2, 53, 300, NULL, 13, NULL),
    (92, 'runeword.voice_of_reason', 'Voice of Reason', 'LemKoElEld', 20, 18, 1, 2, NULL, NULL, 4, 43, 110, NULL, 1, NULL),
    (93, 'runeword.void', 'Void', 'ThulZodIst', 10, 33, 24, NULL, NULL, NULL, 3, 69, 300, NULL, 13, NULL),
    (94, 'runeword.wealth', 'Wealth', 'LmKoTir', 20, 18, 3, NULL, NULL, NULL, 3, 43, 109, NULL, NULL, NULL),
    (95, 'runeword.white', 'White', 'DolIo', 14, 16, NULL, NULL, NULL, NULL, 2, 35, 109, NULL, NULL, NULL),
    (96, 'runeword.wind', 'Wind', 'SurEl', 29, 1, NULL, NULL, NULL, NULL, 2, 61, 110, NULL, NULL, NULL),
    (97, 'runeword.wisdom', 'Wisdom', 'PulIthEld', 21, 6, 2, NULL, NULL, NULL, 3, 45, 240, NULL, 1, NULL),
    (98, 'runeword.wrath', 'Wrath', 'PulLumBerMal', 21, 17, 30, 23, NULL, NULL, 4, 63, 110, NULL, 1, NULL),
    (99, 'runeword.zephyr', 'Zephyr', 'OrtEth', 9, 5, NULL, NULL, NULL, NULL, 2, 21, 109, NULL, NULL, NULL);

-- Runeword item types
INSERT INTO runeword_item_types (runeword_id, item_type_id) VALUES
    (1, 15),
    (2, 19),
    (3, 1),
    (3, 14),
    (3, 5),
    (4, 2),
    (4, 5),
    (4, 9),
    (5, 19),
    (6, 19),
    (7, 11),
    (8, 21),
    (9, 7),
    (10, 21),
    (11, 19),
    (12, 4),
    (13, 7),
    (14, 1),
    (14, 18),
    (14, 13),
    (15, 7),
    (16, 18),
    (16, 1),
    (17, 7),
    (18, 13),
    (18, 18),
    (19, 1),
    (19, 13),
    (19, 5),
    (20, 19),
    (20, 15),
    (21, 7),
    (21, 15),
    (22, 19),
    (23, 11),
    (24, 19),
    (25, 19),
    (26, 10),
    (27, 12),
    (28, 11),
    (29, 1),
    (29, 5),
    (30, 7),
    (31, 21),
    (31, 19),
    (32, 10),
    (33, 19),
    (34, 18),
    (34, 1),
    (35, 7),
    (36, 21),
    (37, 11),
    (38, 17),
    (38, 9),
    (39, 7),
    (40, 14),
    (41, 10),
    (42, 19),
    (43, 21),
    (44, 11),
    (45, 13),
    (45, 16),
    (46, 13),
    (46, 17),
    (46, 11),
    (47, 18),
    (47, 14),
    (48, 18),
    (48, 1),
    (49, 18),
    (49, 5),
    (49, 1),
    (50, 18),
    (50, 5),
    (50, 14),
    (51, 17),
    (52, 19),
    (53, 7),
    (54, 10),
    (55, 11),
    (56, 17),
    (57, 7),
    (58, 11),
    (59, 4),
    (60, 19),
    (61, 7),
    (62, 18),
    (62, 1),
    (62, 9),
    (63, 13),
    (63, 16),
    (64, 17),
    (65, 21),
    (66, 4),
    (67, 19),
    (68, 21),
    (68, 15),
    (69, 18),
    (69, 8),
    (69, 4),
    (70, 13),
    (70, 16),
    (71, 19),
    (72, 19),
    (73, 7),
    (74, 19),
    (75, 15),
    (76, 13),
    (76, 14),
    (77, 8),
    (78, 15),
    (79, 21),
    (80, 19),
    (81, 18),
    (81, 15),
    (82, 15),
    (83, 19),
    (84, 18),
    (84, 1),
    (84, 9),
    (85, 19),
    (86, 10),
    (87, 7),
    (88, 19),
    (89, 18),
    (90, 21),
    (91, 3),
    (91, 15),
    (91, 6),
    (92, 18),
    (92, 9),
    (93, 8),
    (94, 19),
    (95, 20),
    (96, 10),
    (97, 7),
    (98, 11),
    (99, 11);
-- Rune effects
INSERT INTO rune_effects (id, name_key, item_type, effect_en) VALUES
    (1, 'rune.el', 'weapon', '+1 to Light Radius / +50 to Attack Rating'),
    (2, 'rune.el', 'armor', '+1 to Light Radius / +15 Defense'),
    (3, 'rune.el', 'shield', '+1 to Light Radius / +15 Defense'),
    (4, 'rune.eld', 'weapon', '+50 to Attack Rating against Undead / +75% Damage to Undead'),
    (5, 'rune.eld', 'armor', '15% Slower Stamina Drain'),
    (6, 'rune.eld', 'shield', '7% Increased Chance of Blocking'),
    (7, 'rune.tir', 'weapon', '+2 to Mana after each Kill'),
    (8, 'rune.tir', 'armor', '+2 to Mana after each Kill'),
    (9, 'rune.tir', 'shield', '+2 to Mana after each Kill'),
    (10, 'rune.nef', 'weapon', 'Knockback'),
    (11, 'rune.nef', 'armor', '+30 Defense vs. Missile'),
    (12, 'rune.nef', 'shield', '+30 Defense vs. Missile'),
    (13, 'rune.eth', 'weapon', '-25% Target Defense'),
    (14, 'rune.eth', 'armor', 'Regenerate Mana 15%'),
    (15, 'rune.eth', 'shield', 'Regenerate Mana 15%'),
    (16, 'rune.ith', 'weapon', '+9 to Maximum Damage'),
    (17, 'rune.ith', 'armor', '15% Damage Taken Goes To Mana'),
    (18, 'rune.ith', 'shield', '15% Damage Taken Goes To Mana'),
    (19, 'rune.tal', 'weapon', 'Adds 154-154 Poison Damage Over 154 Seconds'),
    (20, 'rune.tal', 'armor', 'Poison Resist +30%'),
    (21, 'rune.tal', 'shield', 'Poison Resist +35%'),
    (22, 'rune.ral', 'weapon', 'Adds 5-30-5-30 Fire Damage'),
    (23, 'rune.ral', 'armor', 'Fire Resist +30%'),
    (24, 'rune.ral', 'shield', 'Fire Resist +35%'),
    (25, 'rune.ort', 'weapon', 'Adds 1-50-1-50 Lightning Damage'),
    (26, 'rune.ort', 'armor', 'Lightning Resist +30%'),
    (27, 'rune.ort', 'shield', 'Lightning Resist +35%'),
    (28, 'rune.thul', 'weapon', 'Adds 3-14-3-14 Cold Damage'),
    (29, 'rune.thul', 'armor', 'Cold Resist +30%'),
    (30, 'rune.thul', 'shield', 'Cold Resist +35%'),
    (31, 'rune.amn', 'weapon', '7% Life stolen per hit'),
    (32, 'rune.amn', 'armor', 'Attacker Takes Damage of 14'),
    (33, 'rune.amn', 'shield', 'Attacker Takes Damage of 14'),
    (34, 'rune.sol', 'weapon', '+9 to Minimum Damage'),
    (35, 'rune.sol', 'armor', 'Damage Reduced by 7'),
    (36, 'rune.sol', 'shield', 'Damage Reduced by 7'),
    (37, 'rune.shael', 'weapon', '+20% Increased Attack Speed'),
    (38, 'rune.shael', 'armor', '+20% Faster Hit Recovery'),
    (39, 'rune.shael', 'shield', '+20% Faster Block Rate'),
    (40, 'rune.dol', 'weapon', 'Hit Causes Monster to Flee 32%'),
    (41, 'rune.dol', 'armor', 'Replenish Life +7'),
    (42, 'rune.dol', 'shield', 'Replenish Life +7'),
    (43, 'rune.hel', 'weapon', 'Requirements --20%'),
    (44, 'rune.hel', 'armor', 'Requirements --15%'),
    (45, 'rune.hel', 'shield', 'Requirements --15%'),
    (46, 'rune.io', 'weapon', '+10 to Vitality'),
    (47, 'rune.io', 'armor', '+10 to Vitality'),
    (48, 'rune.io', 'shield', '+10 to Vitality'),
    (49, 'rune.lum', 'weapon', '+10 to Energy'),
    (50, 'rune.lum', 'armor', '+10 to Energy'),
    (51, 'rune.lum', 'shield', '+10 to Energy'),
    (52, 'rune.ko', 'weapon', '+10 to Dexterity'),
    (53, 'rune.ko', 'armor', '+10 to Dexterity'),
    (54, 'rune.ko', 'shield', '+10 to Dexterity'),
    (55, 'rune.fal', 'weapon', '+10 to Strength'),
    (56, 'rune.fal', 'armor', '+10 to Strength'),
    (57, 'rune.fal', 'shield', '+10 to Strength'),
    (58, 'rune.lem', 'weapon', '75% Extra Gold from Monsters'),
    (59, 'rune.lem', 'armor', '50% Extra Gold from Monsters'),
    (60, 'rune.lem', 'shield', '50% Extra Gold from Monsters'),
    (61, 'rune.pul', 'weapon', '+100 to Attack Rating against Demons / +75% Damage to Demons'),
    (62, 'rune.pul', 'armor', '+30% Enhanced Defense'),
    (63, 'rune.pul', 'shield', '+30% Enhanced Defense'),
    (64, 'rune.um', 'weapon', '25% Chance of Open Wounds'),
    (65, 'rune.um', 'armor', 'All Resistances +15'),
    (66, 'rune.um', 'shield', 'All Resistances +22'),
    (67, 'rune.mal', 'weapon', 'Prevent Monster Heal'),
    (68, 'rune.mal', 'armor', 'Magic Damage Reduced by 7'),
    (69, 'rune.mal', 'shield', 'Magic Damage Reduced by 7'),
    (70, 'rune.ist', 'weapon', '30% Better Chance of Getting Magic Items'),
    (71, 'rune.ist', 'armor', '25% Better Chance of Getting Magic Items'),
    (72, 'rune.ist', 'shield', '25% Better Chance of Getting Magic Items'),
    (73, 'rune.gul', 'weapon', '20% Bonus to Attack Rating'),
    (74, 'rune.gul', 'armor', '+5% to Maximum Poison Resist'),
    (75, 'rune.gul', 'shield', '+5% to Maximum Poison Resist'),
    (76, 'rune.vex', 'weapon', '7% Mana stolen per hit'),
    (77, 'rune.vex', 'armor', '+5% to Maximum Fire Resist'),
    (78, 'rune.vex', 'shield', '+5% to Maximum Fire Resist'),
    (79, 'rune.ohm', 'weapon', '+50% Enhanced Damage'),
    (80, 'rune.ohm', 'armor', '+5% to Maximum Cold Resist'),
    (81, 'rune.ohm', 'shield', '+5% to Maximum Cold Resist'),
    (82, 'rune.lo', 'weapon', '20% Deadly Strike'),
    (83, 'rune.lo', 'armor', '+5% to Maximum Lightning Resist'),
    (84, 'rune.lo', 'shield', '+5% to Maximum Lightning Resist'),
    (85, 'rune.sur', 'weapon', 'Hit Blinds Target +1'),
    (86, 'rune.sur', 'armor', 'Increase Maximum Mana 5%'),
    (87, 'rune.sur', 'shield', '+50 to Mana'),
    (88, 'rune.ber', 'weapon', '20% Chance of Crushing Blow'),
    (89, 'rune.ber', 'armor', 'Damage Reduced by 8%'),
    (90, 'rune.ber', 'shield', 'Damage Reduced by 8%'),
    (91, 'rune.jah', 'weapon', 'Ignore Target''s Defense'),
    (92, 'rune.jah', 'armor', 'Increase Maximum Life 5%'),
    (93, 'rune.jah', 'shield', '+50 to Life'),
    (94, 'rune.cham', 'weapon', 'Freezes Target +3'),
    (95, 'rune.cham', 'armor', 'Cannot Be Frozen'),
    (96, 'rune.cham', 'shield', 'Cannot Be Frozen'),
    (97, 'rune.zod', 'weapon', 'Indestructible'),
    (98, 'rune.zod', 'armor', 'Indestructible'),
    (99, 'rune.zod', 'shield', 'Indestructible');

-- Corrections effets runes
UPDATE rune_effects SET effect_en='Adds 5-30 Fire Damage' WHERE name_key='rune.ral' AND item_type='weapon';
UPDATE rune_effects SET effect_en='Adds 1-50 Lightning Damage' WHERE name_key='rune.ort' AND item_type='weapon';
UPDATE rune_effects SET effect_en='Adds 3-14 Cold Damage (2 sec Duration)' WHERE name_key='rune.thul' AND item_type='weapon';
UPDATE rune_effects SET effect_en='Adds 75 Poison Damage Over 5 Seconds' WHERE name_key='rune.tal' AND item_type='weapon';
UPDATE rune_effects SET effect_en='Requirements -20%' WHERE item_type='weapon' AND name_key='rune.hel';
UPDATE rune_effects SET effect_en='Requirements -15%' WHERE item_type IN ('armor','shield') AND name_key='rune.hel';
-- Runeword effects
INSERT INTO runeword_effects (id, name_key, effect_en) VALUES
    (1, 'runeword.ancients_pledge', 'Cold Resist +30%'),
    (2, 'runeword.ancients_pledge', 'All Resistances +13'),
    (3, 'runeword.ancients_pledge', '+50% Enhanced Defense'),
    (4, 'runeword.ancients_pledge', '10% Damage Taken Goes To Mana'),
    (5, 'runeword.authority', '2-10% Chance to cast level 2-10 Psychic Ward when struck'),
    (6, 'runeword.authority', '10-15% Chance to cast level 10-15 Miasma Chains on striking'),
    (7, 'runeword.authority', '+2 to Warlock Skill Levels'),
    (8, 'runeword.authority', '+40-60% Enhanced Damage'),
    (9, 'runeword.beast', '+40% Increased Attack Speed'),
    (10, 'runeword.beast', 'Level 9 Fanaticism Aura When Equipped'),
    (11, 'runeword.beast', '+240-270% Enhanced Damage'),
    (12, 'runeword.beast', '+25-40 to Strength'),
    (13, 'runeword.beast', 'Level 5 Summon Grizzly (13 Charges)'),
    (14, 'runeword.beast', '+3 to Wearbear'),
    (15, 'runeword.beast', '+3 to Shape Shifting'),
    (16, 'runeword.black', '40% Chance of Crushing Blow'),
    (17, 'runeword.black', '+120% Enhanced Damage'),
    (18, 'runeword.black', '+15% Increased Attack Speed'),
    (19, 'runeword.black', 'Magic Damage Reduced by 2'),
    (20, 'runeword.black', '+200 to Attack Rating'),
    (21, 'runeword.black', 'Level 12-4 74 (12-4/12-4 Charges)'),
    (22, 'runeword.bone', '15-10% Chance to cast level 15-10 Bone Spear on striking'),
    (23, 'runeword.bone', '15-10% Chance to cast level 15-10 Bone Armor when struck'),
    (24, 'runeword.bone', '+2 to Necromancer Skill Levels'),
    (25, 'runeword.bone', '+100-150 to Mana'),
    (26, 'runeword.bramble', '+50% Faster Hit Recovery'),
    (27, 'runeword.bramble', '+300 Defense'),
    (28, 'runeword.bramble', 'Level 15-21 Thorns Aura When Equipped'),
    (29, 'runeword.bramble', '+13 Life after each Kill'),
    (30, 'runeword.bramble', '+25-50% to Poison Skill Damage'),
    (31, 'runeword.bramble', 'Poison Resist +100%'),
    (32, 'runeword.bramble', 'Level 33-13 Spirit of Barbs (33-13/33-13 Charges)'),
    (33, 'runeword.brand', '+260-340% Enhanced Damage'),
    (34, 'runeword.brand', '+280-330% Damage to Demons'),
    (35, 'runeword.brand', '100% Chance to cast level 18 Bone Spear on striking'),
    (36, 'runeword.brand', '35-14% Chance to cast level 35-14 Amplify Damage when struck'),
    (37, 'runeword.brand', 'Knockback'),
    (38, 'runeword.brand', 'Prevent Monster Heal'),
    (39, 'runeword.brand', 'Fires Explosive Arrows or Bolts'),
    (40, 'runeword.breath_of_the_dying', '+60% Increased Attack Speed'),
    (41, 'runeword.breath_of_the_dying', '+125% Damage to Undead'),
    (42, 'runeword.breath_of_the_dying', '12-15% Life stolen per hit'),
    (43, 'runeword.breath_of_the_dying', 'Prevent Monster Heal'),
    (44, 'runeword.breath_of_the_dying', '50-20% Chance to cast level 50-20 Poison Nova when you Kill an Enemy'),
    (45, 'runeword.breath_of_the_dying', '+350-400% Enhanced Damage'),
    (46, 'runeword.breath_of_the_dying', '+30 to all Attributes'),
    (47, 'runeword.bulwark', 'Increase Maximum Life 5%'),
    (48, 'runeword.bulwark', '+75-100% Enhanced Defense'),
    (49, 'runeword.bulwark', 'Damage Reduced by 10-15%'),
    (50, 'runeword.bulwark', 'Replenish Life +30'),
    (51, 'runeword.bulwark', '4-6% Life stolen per hit'),
    (52, 'runeword.call_to_arms', '+40% Increased Attack Speed'),
    (53, 'runeword.call_to_arms', '+200-240% Enhanced Damage'),
    (54, 'runeword.call_to_arms', '+1 to All Skills'),
    (55, 'runeword.call_to_arms', '+2-6 to Battle Command'),
    (56, 'runeword.call_to_arms', '+1-6 to Battle Orders'),
    (57, 'runeword.call_to_arms', '+1-4 to Battle Cry'),
    (58, 'runeword.call_to_arms', 'Replenish Life +12'),
    (59, 'runeword.chains_of_honor', 'All Resistances +50'),
    (60, 'runeword.chains_of_honor', '+70% Enhanced Defense'),
    (61, 'runeword.chains_of_honor', '+200% Damage to Demons'),
    (62, 'runeword.chains_of_honor', '+100% Damage to Undead'),
    (63, 'runeword.chains_of_honor', '8% Life stolen per hit'),
    (64, 'runeword.chains_of_honor', '+2 to All Skills'),
    (65, 'runeword.chains_of_honor', '+20 to Strength'),
    (66, 'runeword.chaos', '+15 Life after each Demon Kill'),
    (67, 'runeword.chaos', '+240-290% Enhanced Damage'),
    (68, 'runeword.chaos', 'Adds 216-471 Magic Damage'),
    (69, 'runeword.chaos', '+1 to Whirlwind'),
    (70, 'runeword.chaos', '+35% Increased Attack Speed'),
    (71, 'runeword.chaos', '9-11% Chance to cast level 9-11 Frozen Orb on striking'),
    (72, 'runeword.chaos', '11-9% Chance to cast level 11-9 Charged Bolt on striking'),
    (73, 'runeword.coven', '5-10% Chance to cast level 5-10 Sigil Lethargy when struck'),
    (74, 'runeword.coven', '+1 to All Skills'),
    (75, 'runeword.coven', '+20% Faster Cast Rate'),
    (76, 'runeword.coven', '+30-50% Enhanced Defense'),
    (77, 'runeword.coven', '1-15% Better Chance of Getting Magic Items'),
    (78, 'runeword.coven', '+1-5 Life after each Kill'),
    (79, 'runeword.crescent_moon', '-35% to Enemy Lightning Resistance'),
    (80, 'runeword.crescent_moon', 'Ignore Target''s Defense'),
    (81, 'runeword.crescent_moon', '+180-220% Enhanced Damage'),
    (82, 'runeword.crescent_moon', 'Magic Absorb 9-11%'),
    (83, 'runeword.crescent_moon', 'Level 30-18 Summon Spirit Wolf (30-18/30-18 Charges)'),
    (84, 'runeword.crescent_moon', '7-13% Chance to cast level 7-13 Static Field on striking'),
    (85, 'runeword.crescent_moon', '10-17% Chance to cast level 10-17 Chain Lightning on striking'),
    (86, 'runeword.cure', 'Increase Maximum Life 5%'),
    (87, 'runeword.cure', '+75-100% Enhanced Defense'),
    (88, 'runeword.cure', 'Poison Resist +10-30%'),
    (89, 'runeword.cure', 'Poison Length Reduced by 50%'),
    (90, 'runeword.cure', 'Level 1 Cleansing Aura When Equipped'),
    (91, 'runeword.death', '+300-385% Enhanced Damage'),
    (92, 'runeword.death', '0% Deadly Strike (Based on Character Level)'),
    (93, 'runeword.death', 'Level 15-22 BloodGolem (15-22/15-22 Charges)'),
    (94, 'runeword.death', '25-18% Chance to cast level 25-18 Glacial Spike on attack'),
    (95, 'runeword.death', '100-44% Chance to cast level 100-44 Chain Lightning when you Die'),
    (96, 'runeword.death', '50% Chance of Crushing Blow'),
    (97, 'runeword.death', 'Indestructible'),
    (98, 'runeword.delirium', '11-18% Chance to cast level 11-18 Confuse on striking'),
    (99, 'runeword.delirium', 'Level 60-17 Attract (60-17/60-17 Charges)'),
    (100, 'runeword.delirium', '14-13% Chance to cast level 14-13 Terror when struck'),
    (101, 'runeword.delirium', '+261 Defense'),
    (102, 'runeword.delirium', '6-14% Chance to cast level 6-14 Mind Blast when struck'),
    (103, 'runeword.delirium', '1-50% Chance to cast level 1-50 Delerium Change when struck'),
    (104, 'runeword.delirium', '+2 to All Skills'),
    (105, 'runeword.destruction', '+350% Enhanced Damage'),
    (106, 'runeword.destruction', 'Adds 100-180-100-180 Magic Damage'),
    (107, 'runeword.destruction', '5-23% Chance to cast level 5-23 Molten Boulder on striking'),
    (108, 'runeword.destruction', '100-45% Chance to cast level 100-45 Meteor when you Die'),
    (109, 'runeword.destruction', '15-22% Chance to cast level 15-22 Nova on attack'),
    (110, 'runeword.destruction', '23-12% Chance to cast level 23-12 Volcano on striking'),
    (111, 'runeword.destruction', 'Prevent Monster Heal'),
    (112, 'runeword.doom', '+280-320% Enhanced Damage'),
    (113, 'runeword.doom', 'Level 12 Holy Freeze Aura When Equipped'),
    (114, 'runeword.doom', '+45% Increased Attack Speed'),
    (115, 'runeword.doom', 'Prevent Monster Heal'),
    (116, 'runeword.doom', '-40-60% to Enemy Cold Resistance'),
    (117, 'runeword.doom', '+2 to All Skills'),
    (118, 'runeword.doom', '5-18% Chance to cast level 5-18 Volcano on striking'),
    (119, 'runeword.dragon', '+360 Defense'),
    (120, 'runeword.dragon', '+230 Defense vs. Missile'),
    (121, 'runeword.dragon', '+0 to Strength (Based on Character Level)'),
    (122, 'runeword.dragon', '12-15% Chance to cast level 12-15 Hydra on striking'),
    (123, 'runeword.dragon', '20-18% Chance to cast level 20-18 Venom when struck'),
    (124, 'runeword.dragon', 'Level 14 Holy Fire Aura When Equipped'),
    (125, 'runeword.dragon', '+3-5 to all Attributes'),
    (126, 'runeword.dream', '+150-220 Defense'),
    (127, 'runeword.dream', '10-15% Chance to cast level 10-15 Confuse when struck'),
    (128, 'runeword.dream', '+0 to Mana (Based on Character Level)'),
    (129, 'runeword.dream', 'All Resistances +5-20'),
    (130, 'runeword.dream', '+20-30% Faster Hit Recovery'),
    (131, 'runeword.dream', 'Level 15 Holy Shock Aura When Equipped'),
    (132, 'runeword.dream', '12-25% Better Chance of Getting Magic Items'),
    (133, 'runeword.duress', 'Adds 37-133-37-133 Cold Damage'),
    (134, 'runeword.duress', '+10-20% Enhanced Damage'),
    (135, 'runeword.duress', '+150-200% Enhanced Defense'),
    (136, 'runeword.duress', '+20% Faster Hit Recovery'),
    (137, 'runeword.duress', '33% Chance of Open Wounds'),
    (138, 'runeword.duress', '15% Chance of Crushing Blow'),
    (139, 'runeword.duress', '-20% Slower Stamina Drain'),
    (140, 'runeword.edge', '+320-380% Damage to Demons'),
    (141, 'runeword.edge', '+280% Damage to Undead'),
    (142, 'runeword.edge', '+35% Increased Attack Speed'),
    (143, 'runeword.edge', 'Prevent Monster Heal'),
    (144, 'runeword.edge', 'Level 15 Thorns Aura When Equipped'),
    (145, 'runeword.edge', '+5-10 to all Attributes'),
    (146, 'runeword.edge', 'Reduces all Vendor Prices 15%'),
    (147, 'runeword.enigma', '+750-775 Defense'),
    (148, 'runeword.enigma', '+14 Life after each Kill'),
    (149, 'runeword.enigma', '+45% Faster Run/Walk'),
    (150, 'runeword.enigma', '+0 to Strength (Based on Character Level)'),
    (151, 'runeword.enigma', '+2 to All Skills'),
    (152, 'runeword.enigma', '0% Better Chance of Getting Magic Items (Based on Character Level)'),
    (153, 'runeword.enigma', '+1 to Teleport'),
    (154, 'runeword.enlightenment', '5-15% Chance to cast level 5-15 Fire Ball on striking'),
    (155, 'runeword.enlightenment', '5-15% Chance to cast level 5-15 Blaze when struck'),
    (156, 'runeword.enlightenment', '+2 to Sorceress Skill Levels'),
    (157, 'runeword.enlightenment', '+1 to Warmth'),
    (158, 'runeword.eternity', '+260-310% Enhanced Damage'),
    (159, 'runeword.eternity', 'Indestructible'),
    (160, 'runeword.eternity', 'Slows Target by 33%'),
    (161, 'runeword.eternity', 'Level 88-8 Revive (88-8/88-8 Charges)'),
    (162, 'runeword.eternity', 'Replenish Life +16'),
    (163, 'runeword.eternity', 'Regenerate Mana 16%'),
    (164, 'runeword.eternity', 'Cannot Be Frozen'),
    (165, 'runeword.exile', '+30% Faster Block Rate'),
    (166, 'runeword.exile', 'Freezes Target +1'),
    (167, 'runeword.exile', '+220-260% Enhanced Defense'),
    (168, 'runeword.exile', 'Level 13-16 Defiance Aura When Equipped'),
    (169, 'runeword.exile', '+2 to [Class Skill Tab] Skills'),
    (170, 'runeword.exile', '15-5% Chance to cast level 15-5 Life Tap on striking'),
    (171, 'runeword.exile', 'Repairs 1 durability in 0 seconds'),
    (172, 'runeword.faith', '+280% Enhanced Damage'),
    (173, 'runeword.faith', '300% Bonus to Attack Rating'),
    (174, 'runeword.faith', 'Adds 120-120 Fire Damage'),
    (175, 'runeword.faith', 'All Resistances +15'),
    (176, 'runeword.faith', 'Level 12-15 Fanaticism Aura When Equipped'),
    (177, 'runeword.faith', 'Reanimate As: [Returned]'),
    (178, 'runeword.faith', '+1-2 to All Skills'),
    (179, 'runeword.famine', '+270-320% Enhanced Damage'),
    (180, 'runeword.famine', '12% Life stolen per hit'),
    (181, 'runeword.famine', '+30% Increased Attack Speed'),
    (182, 'runeword.famine', 'Prevent Monster Heal'),
    (183, 'runeword.famine', 'Adds 180-200-180-200 Magic Damage'),
    (184, 'runeword.famine', 'Adds 50-200-50-200 Fire/Lightning/Cold Damage'),
    (185, 'runeword.famine', 'Ethereal'),
    (186, 'runeword.flickering_flame', '+3 to Fire Skills'),
    (187, 'runeword.flickering_flame', 'Level 4-8 Resist Fire Aura When Equipped'),
    (188, 'runeword.flickering_flame', '-10-15% to Enemy Fire Resistance'),
    (189, 'runeword.flickering_flame', '+50-75 to Mana'),
    (190, 'runeword.flickering_flame', 'Half Freeze Duration'),
    (191, 'runeword.flickering_flame', 'Poison Length Reduced by 50%'),
    (192, 'runeword.fortitude', '+200% Enhanced Defense'),
    (193, 'runeword.fortitude', '+300% Enhanced Damage'),
    (194, 'runeword.fortitude', '+25% Faster Cast Rate'),
    (195, 'runeword.fortitude', '20-15% Chance to cast level 20-15 Chilling Armor when struck'),
    (196, 'runeword.fortitude', '12% Damage Taken Goes To Mana'),
    (197, 'runeword.fortitude', '+8-12 to Life (Based on Character Level)'),
    (198, 'runeword.fortitude', 'All Resistances +25-30'),
    (199, 'runeword.fury', '+209% Enhanced Damage'),
    (200, 'runeword.fury', '+40% Increased Attack Speed'),
    (201, 'runeword.fury', 'Prevent Monster Heal'),
    (202, 'runeword.fury', '66% Chance of Open Wounds'),
    (203, 'runeword.fury', '6% Life stolen per hit'),
    (204, 'runeword.fury', '33% Deadly Strike'),
    (205, 'runeword.fury', '+5 to 147 ([Class] only)'),
    (206, 'runeword.gloom', '+170-230% Enhanced Defense'),
    (207, 'runeword.gloom', 'All Resistances +30'),
    (208, 'runeword.gloom', '15-3% Chance to cast level 15-3 Dim Vision when struck'),
    (209, 'runeword.gloom', '+10% Faster Hit Recovery'),
    (210, 'runeword.gloom', '5% Damage Taken Goes To Mana'),
    (211, 'runeword.gloom', '+-3 to Light Radius'),
    (212, 'runeword.gloom', 'Half Freeze Duration'),
    (213, 'runeword.grief', '+0% Damage to Demons (Based on Character Level)'),
    (214, 'runeword.grief', 'Damage +340-400'),
    (215, 'runeword.grief', '+30-40% Increased Attack Speed'),
    (216, 'runeword.grief', '35-15% Chance to cast level 35-15 Venom on striking'),
    (217, 'runeword.grief', '-20-25% to Enemy Poison Resistance'),
    (218, 'runeword.grief', 'Ignore Target''s Defense'),
    (219, 'runeword.grief', '+10-15 Life after each Kill'),
    (220, 'runeword.ground', 'Increase Maximum Life 5%'),
    (221, 'runeword.ground', '+75-100% Enhanced Defense'),
    (222, 'runeword.ground', 'Lightning Resist +10-30%'),
    (223, 'runeword.ground', '+10-15 Lightning Absorb'),
    (224, 'runeword.hand_of_justice', '+33% Increased Attack Speed'),
    (225, 'runeword.hand_of_justice', '+280-330% Enhanced Damage'),
    (226, 'runeword.hand_of_justice', 'Level 16 Holy Fire Aura When Equipped'),
    (227, 'runeword.hand_of_justice', '100-36% Chance to cast level 100-36 Blaze when you Level-Up'),
    (228, 'runeword.hand_of_justice', '100-48% Chance to cast level 100-48 Meteor when you Die'),
    (229, 'runeword.hand_of_justice', 'Ignore Target''s Defense'),
    (230, 'runeword.hand_of_justice', '-20% to Enemy Fire Resistance'),
    (231, 'runeword.harmony', '+200-275% Enhanced Damage'),
    (232, 'runeword.harmony', 'Adds 55-160-55-160 Fire/Lightning/Cold Damage'),
    (233, 'runeword.harmony', 'Level 25-20 Revive (25-20/25-20 Charges)'),
    (234, 'runeword.harmony', 'Level 10 Vigor Aura When Equipped'),
    (235, 'runeword.harmony', '+2-6 to Valkyrie'),
    (236, 'runeword.harmony', 'Regenerate Mana 20%'),
    (237, 'runeword.harmony', '+2 to Light Radius'),
    (238, 'runeword.heart_of_the_oak', '+40% Faster Cast Rate'),
    (239, 'runeword.heart_of_the_oak', 'Level 25-4 Oak Sage (25-4/25-4 Charges)'),
    (240, 'runeword.heart_of_the_oak', 'Increase Maximum Mana 15%'),
    (241, 'runeword.heart_of_the_oak', '+3 to All Skills'),
    (242, 'runeword.heart_of_the_oak', 'Replenish Life +20'),
    (243, 'runeword.heart_of_the_oak', 'All Resistances +30-40'),
    (244, 'runeword.heart_of_the_oak', 'Level 60-14 Raven (60-14/60-14 Charges)'),
    (245, 'runeword.hearth', 'Increase Maximum Life 5%'),
    (246, 'runeword.hearth', '+75-100% Enhanced Defense'),
    (247, 'runeword.hearth', 'Cold Resist +10-30%'),
    (248, 'runeword.hearth', '+10-15 Cold Absorb'),
    (249, 'runeword.hearth', 'Cannot Be Frozen'),
    (250, 'runeword.holy_thunder', '+60% Enhanced Damage'),
    (251, 'runeword.holy_thunder', 'Adds 20-60-20-60 Lightning Damage'),
    (252, 'runeword.holy_thunder', '+10 to Maximum Damage'),
    (253, 'runeword.holy_thunder', 'Lightning Resist +60%'),
    (254, 'runeword.holy_thunder', '+5% to Maximum Lightning Resist'),
    (255, 'runeword.holy_thunder', '+3 to 118 ([Class] only)'),
    (256, 'runeword.holy_thunder', 'Level 60-7 53 (60-7/60-7 Charges)'),
    (257, 'runeword.honor', '+160% Enhanced Damage'),
    (258, 'runeword.honor', 'Replenish Life +10'),
    (259, 'runeword.honor', '+1 to All Skills'),
    (260, 'runeword.honor', '+200 to Attack Rating'),
    (261, 'runeword.honor', '25% Deadly Strike'),
    (262, 'runeword.honor', '+10 to Strength'),
    (263, 'runeword.hustle', '+65% Faster Run/Walk'),
    (264, 'runeword.hustle', '35% Slower Stamina Drain'),
    (265, 'runeword.hustle', '+40% Increased Attack Speed'),
    (266, 'runeword.hustle', 'All Resistances +10'),
    (267, 'runeword.hustle', '+6 to Evade'),
    (268, 'runeword.mania', '5-1% Chance to cast level 5-1 Quickness on striking'),
    (269, 'runeword.mania', '+10% Increased Attack Speed'),
    (270, 'runeword.mania', '+180-200% Enhanced Damage'),
    (271, 'runeword.mania', 'Level 1 Fanaticism Aura When Equipped'),
    (272, 'runeword.ice', '+140-210% Enhanced Damage'),
    (273, 'runeword.ice', 'Level 18 Holy Freeze Aura When Equipped'),
    (274, 'runeword.ice', '+25-30% to Cold Skill Damage'),
    (275, 'runeword.ice', '25-22% Chance to cast level 25-22 Frost Nova on striking'),
    (276, 'runeword.ice', '100% Chance to cast level 40 Blizzard when you Level-Up'),
    (277, 'runeword.ice', '-20% to Enemy Cold Resistance'),
    (278, 'runeword.ice', 'x% Extra Gold from Monsters (Based on Character Level)'),
    (279, 'runeword.infinity', '+255-325% Enhanced Damage'),
    (280, 'runeword.infinity', '+35% Faster Run/Walk'),
    (281, 'runeword.infinity', '+x to Vitality (Based on Character Level)'),
    (282, 'runeword.infinity', 'Level 12 Conviction Aura When Equipped'),
    (283, 'runeword.infinity', '50% Chance to cast level 20 Chain Lightning when you Kill an Enemy'),
    (284, 'runeword.infinity', '-45-55% to Enemy Lightning Resistance'),
    (285, 'runeword.infinity', 'Level 30-21 Cyclone Armor (30-21/30-21 Charges)'),
    (286, 'runeword.insight', '+200-260% Enhanced Damage'),
    (287, 'runeword.insight', '180-250% Bonus to Attack Rating'),
    (288, 'runeword.insight', '23% Better Chance of Getting Magic Items'),
    (289, 'runeword.insight', '+1-6 to Critical Strike'),
    (290, 'runeword.insight', '+35% Faster Cast Rate'),
    (291, 'runeword.insight', 'Level 12-17 Meditation Aura When Equipped'),
    (292, 'runeword.insight', '+5 to all Attributes'),
    (293, 'runeword.kings_grace', '+100% Enhanced Damage'),
    (294, 'runeword.kings_grace', '+150 to Attack Rating'),
    (295, 'runeword.kings_grace', '+100% Damage to Demons'),
    (296, 'runeword.kings_grace', '+50% Damage to Undead'),
    (297, 'runeword.kings_grace', '+100 to Attack Rating against Demons'),
    (298, 'runeword.kings_grace', '+100 to Attack Rating against Undead'),
    (299, 'runeword.kingslayer', '+30% Increased Attack Speed'),
    (300, 'runeword.kingslayer', '+230-270% Enhanced Damage'),
    (301, 'runeword.kingslayer', '-25% Target Defense'),
    (302, 'runeword.kingslayer', '33% Chance of Crushing Blow'),
    (303, 'runeword.kingslayer', '25% Chance of Open Wounds'),
    (304, 'runeword.kingslayer', '+1 to Vengeance'),
    (305, 'runeword.kingslayer', '40% Extra Gold from Monsters'),
    (306, 'runeword.last_wish', '+330-375% Enhanced Damage'),
    (307, 'runeword.last_wish', '20% Chance to cast level 20 Charged Bolt on attack'),
    (308, 'runeword.last_wish', '10-18% Chance to cast level 10-18 Life Tap on striking'),
    (309, 'runeword.last_wish', '6-11% Chance to cast level 6-11 Fade when struck'),
    (310, 'runeword.last_wish', '40-50% Chance of Crushing Blow'),
    (311, 'runeword.last_wish', '0% Better Chance of Getting Magic Items (Based on Character Level)'),
    (312, 'runeword.last_wish', 'Level 17 Might Aura When Equipped'),
    (313, 'runeword.lawbringer', 'Adds 130-180-130-180 Cold Damage'),
    (314, 'runeword.lawbringer', 'Adds 150-210-150-210 Fire Damage'),
    (315, 'runeword.lawbringer', 'Level 16-18 Sanctuary Aura When Equipped'),
    (316, 'runeword.lawbringer', '20-15% Chance to cast level 20-15 Decrepify on striking'),
    (317, 'runeword.lawbringer', '+200-250 Defense vs. Missile'),
    (318, 'runeword.lawbringer', 'Slain Monsters Rest in Peace'),
    (319, 'runeword.lawbringer', '-50% Target Defense'),
    (320, 'runeword.leaf', '+3 to Fire Skills'),
    (321, 'runeword.leaf', '+16 Defense (Based on Character Level)'),
    (322, 'runeword.leaf', 'Cold Resist +33%'),
    (323, 'runeword.leaf', '+3 to 41 ([Class] only)'),
    (324, 'runeword.leaf', '+3 to 36 ([Class] only)'),
    (325, 'runeword.leaf', '+3 to 37 ([Class] only)'),
    (326, 'runeword.lionheart', '+15 to Strength'),
    (327, 'runeword.lionheart', '+20 to Vitality'),
    (328, 'runeword.lionheart', '+15 to Dexterity'),
    (329, 'runeword.lionheart', '+20% Enhanced Damage'),
    (330, 'runeword.lionheart', '+50 to Life'),
    (331, 'runeword.lionheart', 'All Resistances +30'),
    (332, 'runeword.lore', '+10 to Energy'),
    (333, 'runeword.lore', '+1 to All Skills'),
    (334, 'runeword.lore', '+2 to Light Radius'),
    (335, 'runeword.lore', '+2 to Mana after each Kill'),
    (336, 'runeword.malice', '100% Chance of Open Wounds'),
    (337, 'runeword.malice', '--100 to Monster Defense Per Hit'),
    (338, 'runeword.malice', 'Prevent Monster Heal'),
    (339, 'runeword.malice', '+33% Enhanced Damage'),
    (340, 'runeword.malice', '+-1 to Light Radius'),
    (341, 'runeword.malice', 'Replenish Life +-5'),
    (342, 'runeword.melody', '+50% Enhanced Damage'),
    (343, 'runeword.melody', '+3 to [Class Skill Tab] Skills'),
    (344, 'runeword.melody', '+3 to 9 ([Class] only)'),
    (345, 'runeword.melody', '+3 to 13 ([Class] only)'),
    (346, 'runeword.melody', '+3 to 17 ([Class] only)'),
    (347, 'runeword.melody', '+300% Damage to Undead'),
    (348, 'runeword.memory', 'Increase Maximum Mana 20%'),
    (349, 'runeword.memory', 'Magic Damage Reduced by 7'),
    (350, 'runeword.memory', '+50% Enhanced Defense'),
    (351, 'runeword.memory', '+33% Faster Cast Rate'),
    (352, 'runeword.memory', '+3 to Sorceress Skill Levels'),
    (353, 'runeword.memory', '+3 to 58 ([Class] only)'),
    (354, 'runeword.memory', '+2 to 42 ([Class] only)'),
    (355, 'runeword.metamorphosis', '100-1% Chance to cast level 100-1 Mark of the Bear on striking'),
    (356, 'runeword.metamorphosis', '100-1% Chance to cast level 100-1 Mark of the Wolf on striking'),
    (357, 'runeword.metamorphosis', '+5 to [Class Skill Tab] Skills'),
    (358, 'runeword.metamorphosis', '+50-80% Enhanced Defense'),
    (359, 'runeword.metamorphosis', 'All Resistances +10'),
    (360, 'runeword.metamorphosis', '25% Chance of Crushing Blow'),
    (361, 'runeword.mist', '+3 to All Skills'),
    (362, 'runeword.mist', '+325-375% Enhanced Damage'),
    (363, 'runeword.mist', 'Level 8-12 Concentration Aura When Equipped'),
    (364, 'runeword.mist', 'Piercing Attack'),
    (365, 'runeword.mist', '+24 to Vitality'),
    (366, 'runeword.mist', 'All Resistances +40'),
    (367, 'runeword.mosaic', '+2 to [Class Skill Tab] Skills'),
    (368, 'runeword.mosaic', '+50% chance for finishing moves to not consume charges'),
    (369, 'runeword.mosaic', '+20% Increased Attack Speed'),
    (370, 'runeword.mosaic', '+200-250% Enhanced Damage'),
    (371, 'runeword.mosaic', '+8-15% to Fire Skill Damage'),
    (372, 'runeword.mosaic', '+8-15% to Cold Skill Damage'),
    (373, 'runeword.mosaic', '+8-15% to Lightning Skill Damage'),
    (374, 'runeword.myth', '10-1% Chance to cast level 10-1 Taunt on striking'),
    (375, 'runeword.myth', '3-1% Chance to cast level 3-1 Howl when struck'),
    (376, 'runeword.myth', '+2  to Barbarian Skill Levels'),
    (377, 'runeword.myth', 'Replenish Life +10'),
    (378, 'runeword.nadir', '+50% Enhanced Defense'),
    (379, 'runeword.nadir', '+10 Defense'),
    (380, 'runeword.nadir', '+-3 to Light Radius'),
    (381, 'runeword.nadir', 'Level 9-13 264 (9-13/9-13 Charges)'),
    (382, 'runeword.nadir', '-33% Extra Gold from Monsters'),
    (383, 'runeword.nadir', '+5 to Strength'),
    (384, 'runeword.oath', '+210-340% Enhanced Damage'),
    (385, 'runeword.oath', '+30% Increased Attack Speed'),
    (386, 'runeword.oath', '30-20% Chance to cast level 30-20 Bone Spirit on striking'),
    (387, 'runeword.oath', 'Level 14-17 IronGolem (14-17/14-17 Charges)'),
    (388, 'runeword.oath', 'Level 20-16 Heart of Wolverine (20-16/20-16 Charges)'),
    (389, 'runeword.oath', 'Magic Absorb 10-15%'),
    (390, 'runeword.oath', 'Indestructible'),
    (391, 'runeword.obedience', '+370% Enhanced Damage'),
    (392, 'runeword.obedience', '40% Chance of Crushing Blow'),
    (393, 'runeword.obedience', '30-21% Chance to cast level 30-21 enchant when you Kill an Enemy'),
    (394, 'runeword.obedience', '-25% to Enemy Fire Resistance'),
    (395, 'runeword.obedience', '+200-300 Defense'),
    (396, 'runeword.obedience', '+40% Faster Hit Recovery'),
    (397, 'runeword.obedience', 'All Resistances +20-30'),
    (398, 'runeword.obsession', '+4 to All Skills'),
    (399, 'runeword.obsession', '24-10% Chance to cast level 24-10 Weaken when struck'),
    (400, 'runeword.obsession', '+65% Faster Cast Rate'),
    (401, 'runeword.obsession', '+60% Faster Hit Recovery'),
    (402, 'runeword.obsession', 'All Resistances +60-70'),
    (403, 'runeword.obsession', 'Increase Maximum Life 15-25%'),
    (404, 'runeword.obsession', 'Regenerate Mana 15-30%'),
    (405, 'runeword.passion', '+160-210% Enhanced Damage'),
    (406, 'runeword.passion', '+1 to Zeal'),
    (407, 'runeword.passion', '50-80% Bonus to Attack Rating'),
    (408, 'runeword.passion', '+1 to Berserk'),
    (409, 'runeword.passion', '+25% Increased Attack Speed'),
    (410, 'runeword.passion', 'Level 12-3 Heart of Wolverine (12-3/12-3 Charges)'),
    (411, 'runeword.passion', 'Hit Blinds Target +10'),
    (412, 'runeword.pattern', '10% Bonus to Attack Rating'),
    (413, 'runeword.pattern', '+40-80% Enhanced Damage'),
    (414, 'runeword.pattern', 'Adds 12-32-12-32 Fire Damage'),
    (415, 'runeword.pattern', 'All Resistances +15'),
    (416, 'runeword.pattern', '+6 to Strength'),
    (417, 'runeword.pattern', '+6 to Dexterity'),
    (418, 'runeword.pattern', '+30% Faster Block Rate'),
    (419, 'runeword.peace', '2-15% Chance to cast level 2-15 Valkyrie on striking'),
    (420, 'runeword.peace', '4-5% Chance to cast level 4-5 Slow Missiles when struck'),
    (421, 'runeword.peace', '+2 to Amazon Skill Levels'),
    (422, 'runeword.peace', '+2 to Critical Strike'),
    (423, 'runeword.phoenix', '+350-400% Enhanced Damage'),
    (424, 'runeword.phoenix', '+350-400 Defense vs. Missile'),
    (425, 'runeword.phoenix', '40-22% Chance to cast level 40-22 Firestorm on striking'),
    (426, 'runeword.phoenix', '100-40% Chance to cast level 100-40 Blaze when you Level-Up'),
    (427, 'runeword.phoenix', '-28% to Enemy Fire Resistance'),
    (428, 'runeword.phoenix', 'Level 10-15 Redemption Aura When Equipped'),
    (429, 'runeword.phoenix', 'Fire Absorb 15-21%'),
    (430, 'runeword.plague', '+220-320% Enhanced Damage'),
    (431, 'runeword.plague', '20-12% Chance to cast level 20-12 Lower Resist when struck'),
    (432, 'runeword.plague', '25-15% Chance to cast level 25-15 Poison Nova on striking'),
    (433, 'runeword.plague', '-23% to Enemy Poison Resistance'),
    (434, 'runeword.plague', 'x% Deadly Strike (Based on Character Level)'),
    (435, 'runeword.plague', 'Level 13-17 Cleansing Aura When Equipped'),
    (436, 'runeword.plague', '+1-2 to All Skills'),
    (437, 'runeword.pride', '+0% Damage to Demons (Based on Character Level)'),
    (438, 'runeword.pride', 'Adds 50-280 Lightning Damage'),
    (439, 'runeword.pride', '260-300% Bonus to Attack Rating'),
    (440, 'runeword.pride', 'Level 16-20 Concentration Aura When Equipped'),
    (441, 'runeword.pride', '25% Chance to cast level 17 Fire Wall when struck'),
    (442, 'runeword.pride', 'Replenish Life +8'),
    (443, 'runeword.pride', 'x% Extra Gold from Monsters (Based on Character Level)'),
    (444, 'runeword.principle', '100% Chance to cast level 5 Holy Bolt on striking'),
    (445, 'runeword.principle', '+2 to Paladin Skill Levels'),
    (446, 'runeword.principle', '+100-150 to Life'),
    (447, 'runeword.principle', '+50% Damage to Undead'),
    (448, 'runeword.prudence', '+140-170% Enhanced Defense'),
    (449, 'runeword.prudence', 'Magic Damage Reduced by 10'),
    (450, 'runeword.prudence', 'Damage Reduced by 3'),
    (451, 'runeword.prudence', 'All Resistances +25-35'),
    (452, 'runeword.prudence', '+25% Faster Hit Recovery'),
    (453, 'runeword.prudence', 'Repairs 1 durability in 0 seconds'),
    (454, 'runeword.prudence', '+1 to Light Radius'),
    (455, 'runeword.radiance', '+5 to Light Radius'),
    (456, 'runeword.radiance', '+10 to Energy'),
    (457, 'runeword.radiance', '+10 to Vitality'),
    (458, 'runeword.radiance', 'Magic Damage Reduced by 3'),
    (459, 'runeword.radiance', '+33 to Mana'),
    (460, 'runeword.radiance', '+75% Enhanced Defense'),
    (461, 'runeword.rain', '5-15% Chance to cast level 5-15 Twister on striking'),
    (462, 'runeword.rain', '5-15% Chance to cast level 5-15 Cyclone Armor when struck'),
    (463, 'runeword.rain', '+2 to Druid Skill Levels'),
    (464, 'runeword.rain', '+100-150 to Mana'),
    (465, 'runeword.rhyme', '+20% Faster Block Rate'),
    (466, 'runeword.rhyme', '20% Increased Chance of Blocking'),
    (467, 'runeword.rhyme', 'All Resistances +25'),
    (468, 'runeword.rhyme', 'Cannot Be Frozen'),
    (469, 'runeword.rhyme', '50% Extra Gold from Monsters'),
    (470, 'runeword.rhyme', '25% Better Chance of Getting Magic Items'),
    (471, 'runeword.rift', 'Adds 160-250-160-250 Magic Damage'),
    (472, 'runeword.rift', 'Adds 60-180-60-180 Fire Damage'),
    (473, 'runeword.rift', '38% Damage Taken Goes To Mana'),
    (474, 'runeword.rift', '20-16% Chance to cast level 20-16 Tornado on striking'),
    (475, 'runeword.rift', '16-21% Chance to cast level 16-21 Frozen Orb on attack'),
    (476, 'runeword.rift', 'Level 40-15 Iron Maiden (40-15/40-15 Charges)'),
    (477, 'runeword.rift', '+5-10 to all Attributes'),
    (478, 'runeword.ritual', '13-1% Chance to cast level 13-1 Sigil Death when struck'),
    (479, 'runeword.ritual', '+20% Increased Attack Speed'),
    (480, 'runeword.ritual', '+200-270% Enhanced Damage'),
    (481, 'runeword.ritual', '+150-250% Damage to Demons'),
    (482, 'runeword.ritual', '200-260% Bonus to Attack Rating'),
    (483, 'runeword.ritual', '+3-5 Life after each Kill'),
    (484, 'runeword.ritual', 'Slain Monsters Rest in Peace'),
    (485, 'runeword.sanctuary', '20% Increased Chance of Blocking'),
    (486, 'runeword.sanctuary', '+20% Faster Block Rate'),
    (487, 'runeword.sanctuary', '+130-160% Enhanced Defense'),
    (488, 'runeword.sanctuary', '+250 Defense vs. Missile'),
    (489, 'runeword.sanctuary', 'All Resistances +50-70'),
    (490, 'runeword.sanctuary', '+20% Faster Hit Recovery'),
    (491, 'runeword.sanctuary', 'Level 60-12 Slow Missiles (60-12/60-12 Charges)'),
    (492, 'runeword.silence', '4% Mana stolen per hit'),
    (493, 'runeword.silence', 'Hit Blinds Target +33'),
    (494, 'runeword.silence', '+200% Enhanced Damage'),
    (495, 'runeword.silence', '+20% Increased Attack Speed'),
    (496, 'runeword.silence', 'All Resistances +75'),
    (497, 'runeword.silence', '+2 to All Skills'),
    (498, 'runeword.silence', '+20% Faster Hit Recovery'),
    (499, 'runeword.smoke', '+250 Defense vs. Missile'),
    (500, 'runeword.smoke', '+75% Enhanced Defense'),
    (501, 'runeword.smoke', 'All Resistances +50'),
    (502, 'runeword.smoke', '+20% Faster Hit Recovery'),
    (503, 'runeword.smoke', '+-1 to Light Radius'),
    (504, 'runeword.smoke', 'Level 18-6 72 (18-6/18-6 Charges)'),
    (505, 'runeword.spirit', '+55% Faster Hit Recovery'),
    (506, 'runeword.spirit', '+89-112 to Mana'),
    (507, 'runeword.spirit', '+250 Defense vs. Missile'),
    (508, 'runeword.spirit', '+22 to Vitality'),
    (509, 'runeword.spirit', '+25-35% Faster Cast Rate'),
    (510, 'runeword.spirit', 'Magic Absorb 3-8%'),
    (511, 'runeword.spirit', '+2 to All Skills'),
    (512, 'runeword.splendor', '+3 to Light Radius'),
    (513, 'runeword.splendor', '50% Extra Gold from Monsters'),
    (514, 'runeword.splendor', '20% Better Chance of Getting Magic Items'),
    (515, 'runeword.splendor', '+60-100% Enhanced Defense'),
    (516, 'runeword.splendor', '+20% Faster Block Rate'),
    (517, 'runeword.splendor', '+10% Faster Cast Rate'),
    (518, 'runeword.splendor', '+1 to All Skills'),
    (519, 'runeword.stealth', 'Magic Damage Reduced by 3'),
    (520, 'runeword.stealth', '+6 to Dexterity'),
    (521, 'runeword.stealth', '+15 Maximum Stamina'),
    (522, 'runeword.stealth', '+25% Faster Run/Walk'),
    (523, 'runeword.stealth', '+25% Faster Cast Rate'),
    (524, 'runeword.stealth', '+25% Faster Hit Recovery'),
    (525, 'runeword.steel', '+25% Increased Attack Speed'),
    (526, 'runeword.steel', '+3 to Minimum Damage'),
    (527, 'runeword.steel', '+3 to Maximum Damage'),
    (528, 'runeword.steel', '50% Chance of Open Wounds'),
    (529, 'runeword.steel', '+20% Enhanced Damage'),
    (530, 'runeword.stone', '+220-260% Enhanced Defense'),
    (531, 'runeword.stone', 'Level 16 Clay Golem (16/16 Charges)'),
    (532, 'runeword.stone', '+300 Defense vs. Missile'),
    (533, 'runeword.stone', 'Level 80-16 Molten Boulder (80-16/80-16 Charges)'),
    (534, 'runeword.stone', '+16 to Strength'),
    (535, 'runeword.stone', '+16 to Vitality'),
    (536, 'runeword.stone', '+40% Faster Hit Recovery'),
    (537, 'runeword.strength', '+20 to Strength'),
    (538, 'runeword.strength', '+35% Enhanced Damage'),
    (539, 'runeword.strength', '+10 to Vitality'),
    (540, 'runeword.strength', '25% Chance of Crushing Blow'),
    (541, 'runeword.temper', 'Increase Maximum Life 5%'),
    (542, 'runeword.temper', '+75-100% Enhanced Defense'),
    (543, 'runeword.temper', 'Fire Resist +10-30%'),
    (544, 'runeword.temper', '+10-15 Fire Absorb'),
    (545, 'runeword.treachery', '25-15% Chance to cast level 25-15 Venom on striking'),
    (546, 'runeword.treachery', '5-15% Chance to cast level 5-15 Fade when struck'),
    (547, 'runeword.treachery', '+2 to Assassin Skill Levels'),
    (548, 'runeword.treachery', '+45% Increased Attack Speed'),
    (549, 'runeword.unbending_will', '+3 to [Class Skill Tab] Skills'),
    (550, 'runeword.unbending_will', '18% Chance to cast level 18 Taunt on striking'),
    (551, 'runeword.unbending_will', '+20-30% Increased Attack Speed'),
    (552, 'runeword.unbending_will', '+300-350% Enhanced Damage'),
    (553, 'runeword.unbending_will', 'Damage Reduced by 8'),
    (554, 'runeword.unbending_will', 'Prevent Monster Heal'),
    (555, 'runeword.unbending_will', '8-10% Life stolen per hit'),
    (556, 'runeword.venom', 'Adds 312-312 Poison Damage Over 312 Seconds'),
    (557, 'runeword.venom', 'Ignore Target''s Defense'),
    (558, 'runeword.venom', 'Level 27-15 83 (27-15/27-15 Charges)'),
    (559, 'runeword.venom', 'Level 11-13 92 (11-13/11-13 Charges)'),
    (560, 'runeword.venom', '7% Mana stolen per hit'),
    (561, 'runeword.vigilance', '5-10% Chance to cast level 5-10 Ring of Fire when struck'),
    (562, 'runeword.vigilance', '+10% Faster Run/Walk'),
    (563, 'runeword.vigilance', '+30% Faster Block Rate'),
    (564, 'runeword.vigilance', '+20-40 to Life'),
    (565, 'runeword.vigilance', '+20-40 to Mana'),
    (566, 'runeword.vigilance', 'All Resistances +25-35'),
    (567, 'runeword.vigilance', '+75-100% Enhanced Defense'),
    (568, 'runeword.voice_of_reason', '+220-350% Damage to Demons'),
    (569, 'runeword.voice_of_reason', '+280-300% Damage to Undead'),
    (570, 'runeword.voice_of_reason', 'Adds 100-220-100-220 Cold Damage'),
    (571, 'runeword.voice_of_reason', '-24% to Enemy Cold Resistance'),
    (572, 'runeword.voice_of_reason', '18-20% Chance to cast level 18-20 Ice Blast on striking'),
    (573, 'runeword.voice_of_reason', '15-13% Chance to cast level 15-13 Frozen Orb on striking'),
    (574, 'runeword.voice_of_reason', 'Cannot Be Frozen'),
    (575, 'runeword.void', '+2 to All Skills'),
    (576, 'runeword.void', '+40% Faster Cast Rate'),
    (577, 'runeword.void', '+10-15% to Magic Skill Damage'),
    (578, 'runeword.void', '+1-3 to Abyss'),
    (579, 'runeword.void', '+8-12 to all Attributes'),
    (580, 'runeword.void', 'Level 35-4 Decrepify (35-4/35-4 Charges)'),
    (581, 'runeword.wealth', '250% Extra Gold from Monsters'),
    (582, 'runeword.wealth', '100% Better Chance of Getting Magic Items'),
    (583, 'runeword.white', '+3 to [Class Skill Tab] Skills'),
    (584, 'runeword.white', 'Magic Damage Reduced by 4'),
    (585, 'runeword.white', '+20% Faster Cast Rate'),
    (586, 'runeword.white', '+13 to Mana'),
    (587, 'runeword.white', '+3 to 68 ([Class] only)'),
    (588, 'runeword.white', '+2 to 84 ([Class] only)'),
    (589, 'runeword.white', '+4 to 69 ([Class] only)'),
    (590, 'runeword.wind', '+120-160% Enhanced Damage'),
    (591, 'runeword.wind', '+40% Increased Attack Speed'),
    (592, 'runeword.wind', '+20% Faster Run/Walk'),
    (593, 'runeword.wind', '-50% Target Defense'),
    (594, 'runeword.wind', '10-9% Chance to cast level 10-9 Tornado on striking'),
    (595, 'runeword.wind', 'Level 127-13 240 (127-13/127-13 Charges)'),
    (596, 'runeword.wind', '+15% Faster Hit Recovery'),
    (597, 'runeword.wisdom', 'Piercing Attack'),
    (598, 'runeword.wisdom', '4-8% Mana stolen per hit'),
    (599, 'runeword.wisdom', '15-25% Bonus to Attack Rating'),
    (600, 'runeword.wisdom', '+5 to Mana after each Kill'),
    (601, 'runeword.wisdom', 'Cannot Be Frozen'),
    (602, 'runeword.wisdom', '+10 to Energy'),
    (603, 'runeword.wrath', '+300% Damage to Demons'),
    (604, 'runeword.wrath', '+250-300% Damage to Undead'),
    (605, 'runeword.wrath', 'Adds 41-240-41-240 Lightning Damage'),
    (606, 'runeword.wrath', 'Adds 85-120-85-120 Magic Damage'),
    (607, 'runeword.wrath', '5-10% Chance to cast level 5-10 Life Tap on striking'),
    (608, 'runeword.wrath', '30-1% Chance to cast level 30-1 Decrepify on striking'),
    (609, 'runeword.wrath', 'Cannot Be Frozen'),
    (610, 'runeword.zephyr', '+25% Faster Run/Walk'),
    (611, 'runeword.zephyr', '+25% Increased Attack Speed'),
    (612, 'runeword.zephyr', '+33% Enhanced Damage'),
    (613, 'runeword.zephyr', '+66 to Attack Rating'),
    (614, 'runeword.zephyr', '7-1% Chance to cast level 7-1 240 when struck'),
    (615, 'runeword.zephyr', '+25 Defense');
-- Traductions françaises
INSERT INTO translations (name_key, lang, value) VALUES
    ('runeword.ancients_pledge', 'fr', 'Pacte des Anciens'),
    ('runeword.authority', 'fr', 'Autorité'),
    ('runeword.beast', 'fr', 'Bête'),
    ('runeword.black', 'fr', 'Blanc'),
    ('runeword.bone', 'fr', 'Blessure'),
    ('runeword.bramble', 'fr', 'Barbelé'),
    ('runeword.brand', 'fr', 'Barbe'),
    ('runeword.breath_of_the_dying', 'fr', 'Bagne'),
    ('runeword.call_to_arms', 'fr', 'Cicatrice'),
    ('runeword.chains_of_honor', 'fr', 'Chaînes'),
    ('runeword.chaos', 'fr', 'Chaos'),
    ('runeword.crescent_moon', 'fr', 'Croissant de lune'),
    ('runeword.death', 'fr', 'Dévotion'),
    ('runeword.delirium', 'fr', 'Délire'),
    ('runeword.destruction', 'fr', 'Destruction'),
    ('runeword.doom', 'fr', 'Dévastation'),
    ('runeword.dragon', 'fr', 'Dragon'),
    ('runeword.dream', 'fr', 'Dyptique'),
    ('runeword.duress', 'fr', 'Duel'),
    ('runeword.edge', 'fr', 'Evocation'),
    ('runeword.enigma', 'fr', 'Enigme'),
    ('runeword.enlightenment', 'fr', 'Eclaircissement'),
    ('runeword.eternity', 'fr', 'Eternité'),
    ('runeword.exile', 'fr', 'Exil'),
    ('runeword.faith', 'fr', 'Foi'),
    ('runeword.famine', 'fr', 'Famine'),
    ('runeword.flickering_flame', 'fr', 'Flamme'),
    ('runeword.fortitude', 'fr', 'Fortitude'),
    ('runeword.fury', 'fr', 'Furie'),
    ('runeword.gloom', 'fr', 'Guerre'),
    ('runeword.grief', 'fr', 'Griserie'),
    ('runeword.hand_of_justice', 'fr', 'Heaume'),
    ('runeword.harmony', 'fr', 'Harmonie'),
    ('runeword.heart_of_the_oak', 'fr', 'Hérétique'),
    ('runeword.holy_thunder', 'fr', 'Halo'),
    ('runeword.honor', 'fr', 'Honneur'),
    ('runeword.ice', 'fr', 'Ire'),
    ('runeword.infinity', 'fr', 'Infini'),
    ('runeword.insight', 'fr', 'Iris'),
    ('runeword.kings_grace', 'fr', 'Kana'),
    ('runeword.kingslayer', 'fr', 'Kaolin'),
    ('runeword.last_wish', 'fr', 'Lèpre'),
    ('runeword.lawbringer', 'fr', 'Longévité'),
    ('runeword.leaf', 'fr', 'Langueur'),
    ('runeword.lionheart', 'fr', 'Livre'),
    ('runeword.lore', 'fr', 'Lapsus'),
    ('runeword.malice', 'fr', 'Méchanceté'),
    ('runeword.melody', 'fr', 'Melodie'),
    ('runeword.memory', 'fr', 'Mémoire'),
    ('runeword.mist', 'fr', 'Marée'),
    ('runeword.myth', 'fr', 'Mythe'),
    ('runeword.nadir', 'fr', 'Nadir'),
    ('runeword.oath', 'fr', 'Orme'),
    ('runeword.obedience', 'fr', 'Obéissance'),
    ('runeword.obsession', 'fr', 'Obsession'),
    ('runeword.passion', 'fr', 'Passion'),
    ('runeword.pattern', 'fr', 'Parchemin'),
    ('runeword.peace', 'fr', 'Paix'),
    ('runeword.phoenix', 'fr', 'Phénix'),
    ('runeword.plague', 'fr', 'Peste'),
    ('runeword.pride', 'fr', 'Pierre'),
    ('runeword.principle', 'fr', 'Principe'),
    ('runeword.prudence', 'fr', 'Prudence'),
    ('runeword.radiance', 'fr', 'Rayon'),
    ('runeword.rain', 'fr', 'Rage'),
    ('runeword.rhyme', 'fr', 'Rime'),
    ('runeword.rift', 'fr', 'Rigodon'),
    ('runeword.sanctuary', 'fr', 'Sanctuaire'),
    ('runeword.silence', 'fr', 'Silence'),
    ('runeword.smoke', 'fr', 'Soupe'),
    ('runeword.spirit', 'fr', 'Esprit'),
    ('runeword.splendor', 'fr', 'Splendeur'),
    ('runeword.stealth', 'fr', 'Sillon'),
    ('runeword.steel', 'fr', 'Style'),
    ('runeword.stone', 'fr', 'Sacrifice'),
    ('runeword.strength', 'fr', 'Safran'),
    ('runeword.treachery', 'fr', 'Traîtrise'),
    ('runeword.unbending_will', 'fr', 'Urne'),
    ('runeword.venom', 'fr', 'Venin'),
    ('runeword.voice_of_reason', 'fr', 'Vérité'),
    ('runeword.void', 'fr', 'nunusnuenues'),
    ('runeword.wealth', 'fr', 'Wisigothe'),
    ('runeword.white', 'fr', 'Wali'),
    ('runeword.wind', 'fr', 'Wallaby'),
    ('runeword.wisdom', 'fr', 'Wharf'),
    ('runeword.wrath', 'fr', 'Wendigo'),
    ('runeword.zephyr', 'fr', 'Zéphyr'),
    ('runeword.ancients_pledge.effect', 'fr', 'Résistance au Froid'),
    ('runeword.ancients_pledge.effect', 'fr', 'Résistance au Feu'),
    ('runeword.ancients_pledge.effect', 'fr', 'Défense augmentée'),
    ('runeword.ancients_pledge.effect', 'fr', 'Les dommages sont répercutés sur le Mana'),
    ('runeword.authority.effect', 'fr', '2-10%% chances de lancer niveau 2-10 %s quand touché'),
    ('runeword.authority.effect', 'fr', '10-15%% chances de lancer niveau 10-15 %s en touchant'),
    ('runeword.authority.effect', 'fr', 'pour les niveaux d''''aptitude de l''''Amazone'),
    ('runeword.authority.effect', 'fr', '+40-60% Enhanced Damage'),
    ('runeword.beast.effect', 'fr', 'augmente la vitesse d''''attaque'),
    ('runeword.beast.effect', 'fr', 'Aura niveau 9 %s quand équipé'),
    ('runeword.beast.effect', 'fr', '+240-270% Enhanced Damage'),
    ('runeword.beast.effect', 'fr', 'pour la Force'),
    ('runeword.beast.effect', 'fr', '(5-13/5-13 charges)'),
    ('runeword.beast.effect', 'fr', '+3 to Wearbear'),
    ('runeword.beast.effect', 'fr', '+3 to Shape Shifting'),
    ('runeword.black.effect', 'fr', 'Proba. de Coup Cinglant'),
    ('runeword.black.effect', 'fr', '+120% Enhanced Damage'),
    ('runeword.black.effect', 'fr', 'augmente la vitesse d''''attaque'),
    ('runeword.black.effect', 'fr', 'Dommages magiques réduits de'),
    ('runeword.black.effect', 'fr', 'pour la puissance offensive'),
    ('runeword.black.effect', 'fr', '(12-4/12-4 charges)'),
    ('runeword.bone.effect', 'fr', '15-10%% chances de lancer niveau 15-10 %s en touchant'),
    ('runeword.bone.effect', 'fr', '15-10%% chances de lancer niveau 15-10 %s quand touché'),
    ('runeword.bone.effect', 'fr', 'pour les niveaux d''''aptitude de l''''Amazone'),
    ('runeword.bone.effect', 'fr', 'pour le Mana'),
    ('runeword.bramble.effect', 'fr', 'Récupération très rapide après un coup'),
    ('runeword.bramble.effect', 'fr', 'Défense'),
    ('runeword.bramble.effect', 'fr', 'Aura niveau 15-21 %s quand équipé'),
    ('runeword.bramble.effect', 'fr', 'Points de vie après chaque victime'),
    ('runeword.bramble.effect', 'fr', 'aux dégâts de poison'),
    ('runeword.bramble.effect', 'fr', 'Résistance au Poison'),
    ('runeword.bramble.effect', 'fr', '(33-13/33-13 charges)'),
    ('runeword.brand.effect', 'fr', '+260-340% Enhanced Damage'),
    ('runeword.brand.effect', 'fr', 'Dommages sur les démons'),
    ('runeword.brand.effect', 'fr', '100-18%% chances de lancer niveau 100-18 %s en touchant'),
    ('runeword.brand.effect', 'fr', '35-14%% chances de lancer niveau 35-14 %s quand touché'),
    ('runeword.brand.effect', 'fr', 'Riposter'),
    ('runeword.brand.effect', 'fr', 'Empêche les monstres de guérir'),
    ('runeword.brand.effect', 'fr', 'tire des flèches ou des carreaux explosifs'),
    ('runeword.breath_of_the_dying.effect', 'fr', 'augmente la vitesse d''''attaque'),
    ('runeword.breath_of_the_dying.effect', 'fr', 'Dommages sur les morts-vivants'),
    ('runeword.breath_of_the_dying.effect', 'fr', 'Vie volée à chaque coup'),
    ('runeword.breath_of_the_dying.effect', 'fr', 'Empêche les monstres de guérir'),
    ('runeword.breath_of_the_dying.effect', 'fr', '50-20%% chances de lancer niveau 50-20 %s quand vous tuez un ennemi'),
    ('runeword.breath_of_the_dying.effect', 'fr', '+350-400% Enhanced Damage'),
    ('runeword.breath_of_the_dying.effect', 'fr', 'pour la Force'),
    ('runeword.bulwark.effect', 'fr', 'Augmente le nombre maximum de points de Vie'),
    ('runeword.bulwark.effect', 'fr', 'Défense augmentée'),
    ('runeword.bulwark.effect', 'fr', 'Damage Reduced by 10-15%'),
    ('runeword.bulwark.effect', 'fr', 'Refaire le plein de Vie'),
    ('runeword.bulwark.effect', 'fr', 'Vie volée à chaque coup'),
    ('runeword.call_to_arms.effect', 'fr', 'augmente la vitesse d''''attaque'),
    ('runeword.call_to_arms.effect', 'fr', '+200-240% Enhanced Damage'),
    ('runeword.call_to_arms.effect', 'fr', 'pour toutes les aptitudes'),
    ('runeword.call_to_arms.effect', 'fr', '+2-6 to Battle Command'),
    ('runeword.call_to_arms.effect', 'fr', '+1-6 to Battle Orders'),
    ('runeword.call_to_arms.effect', 'fr', '+1-4 to Battle Cry'),
    ('runeword.call_to_arms.effect', 'fr', 'Refaire le plein de Vie'),
    ('runeword.chains_of_honor.effect', 'fr', 'Résistance au Feu'),
    ('runeword.chains_of_honor.effect', 'fr', 'Défense augmentée'),
    ('runeword.chains_of_honor.effect', 'fr', 'Dommages sur les démons'),
    ('runeword.chains_of_honor.effect', 'fr', 'Dommages sur les morts-vivants'),
    ('runeword.chains_of_honor.effect', 'fr', 'Vie volée à chaque coup'),
    ('runeword.chains_of_honor.effect', 'fr', 'pour toutes les aptitudes'),
    ('runeword.chains_of_honor.effect', 'fr', 'pour la Force'),
    ('runeword.chaos.effect', 'fr', 'Vie après chaque mort de Démon'),
    ('runeword.chaos.effect', 'fr', '+240-290% Enhanced Damage'),
    ('runeword.chaos.effect', 'fr', '+216-471 dommages magiques'),
    ('runeword.chaos.effect', 'fr', '+1 to Whirlwind'),
    ('runeword.chaos.effect', 'fr', 'augmente la vitesse d''''attaque'),
    ('runeword.chaos.effect', 'fr', '9-11%% chances de lancer niveau 9-11 %s en touchant'),
    ('runeword.chaos.effect', 'fr', '11-9%% chances de lancer niveau 11-9 %s en touchant'),
    ('runeword.coven.effect', 'fr', '5-10%% chances de lancer niveau 5-10 %s quand touché'),
    ('runeword.coven.effect', 'fr', 'pour toutes les aptitudes'),
    ('runeword.coven.effect', 'fr', 'Vitesse de Sort très rapide'),
    ('runeword.coven.effect', 'fr', 'Défense augmentée'),
    ('runeword.coven.effect', 'fr', 'plus grandes chances d''''obtenir un objet magique'),
    ('runeword.coven.effect', 'fr', 'Points de vie après chaque victime'),
    ('runeword.crescent_moon.effect', 'fr', 'la résistance électrique de l''''ennemi'),
    ('runeword.crescent_moon.effect', 'fr', 'Ignore les défenses de l''''adversaire'),
    ('runeword.crescent_moon.effect', 'fr', '+180-220% Enhanced Damage'),
    ('runeword.crescent_moon.effect', 'fr', 'Absorbe la Magie'),
    ('runeword.crescent_moon.effect', 'fr', '(30-18/30-18 charges)'),
    ('runeword.crescent_moon.effect', 'fr', '7-13%% chances de lancer niveau 7-13 %s en touchant'),
    ('runeword.crescent_moon.effect', 'fr', '10-17%% chances de lancer niveau 10-17 %s en touchant'),
    ('runeword.cure.effect', 'fr', 'Augmente le nombre maximum de points de Vie'),
    ('runeword.cure.effect', 'fr', 'Défense augmentée'),
    ('runeword.cure.effect', 'fr', 'Résistance au Poison'),
    ('runeword.cure.effect', 'fr', 'Effet du poison diminué de'),
    ('runeword.cure.effect', 'fr', 'Aura niveau 1 %s quand équipé'),
    ('runeword.death.effect', 'fr', '+300-385% Enhanced Damage'),
    ('runeword.death.effect', 'fr', 'Coup mortel'),
    ('runeword.death.effect', 'fr', '(15-22/15-22 charges)'),
    ('runeword.death.effect', 'fr', '25-18%% chances de lancer niveau 25-18 %s en attaquant'),
    ('runeword.death.effect', 'fr', '100-44%% chances de lancer niveau 100-44 %s quand vous mourrez'),
    ('runeword.death.effect', 'fr', 'Proba. de Coup Cinglant'),
    ('runeword.death.effect', 'fr', 'Indestructible'),
    ('runeword.delirium.effect', 'fr', '11-18%% chances de lancer niveau 11-18 %s en touchant'),
    ('runeword.delirium.effect', 'fr', '(60-17/60-17 charges)'),
    ('runeword.delirium.effect', 'fr', '14-13%% chances de lancer niveau 14-13 %s quand touché'),
    ('runeword.delirium.effect', 'fr', 'Défense'),
    ('runeword.delirium.effect', 'fr', '6-14%% chances de lancer niveau 6-14 %s quand touché'),
    ('runeword.delirium.effect', 'fr', '1-50%% chances de lancer niveau 1-50 %s quand touché'),
    ('runeword.delirium.effect', 'fr', 'pour toutes les aptitudes'),
    ('runeword.destruction.effect', 'fr', '+350% Enhanced Damage'),
    ('runeword.destruction.effect', 'fr', '+100-180 dommages magiques'),
    ('runeword.destruction.effect', 'fr', '5-23%% chances de lancer niveau 5-23 %s en touchant'),
    ('runeword.destruction.effect', 'fr', '100-45%% chances de lancer niveau 100-45 %s quand vous mourrez'),
    ('runeword.destruction.effect', 'fr', '15-22%% chances de lancer niveau 15-22 %s en attaquant'),
    ('runeword.destruction.effect', 'fr', '23-12%% chances de lancer niveau 23-12 %s en touchant'),
    ('runeword.destruction.effect', 'fr', 'Empêche les monstres de guérir'),
    ('runeword.doom.effect', 'fr', '+280-320% Enhanced Damage'),
    ('runeword.doom.effect', 'fr', 'Aura niveau 12 %s quand équipé'),
    ('runeword.doom.effect', 'fr', 'augmente la vitesse d''''attaque'),
    ('runeword.doom.effect', 'fr', 'Empêche les monstres de guérir'),
    ('runeword.doom.effect', 'fr', 'la résistance au froid de l''''ennemi'),
    ('runeword.doom.effect', 'fr', 'pour toutes les aptitudes'),
    ('runeword.doom.effect', 'fr', '5-18%% chances de lancer niveau 5-18 %s en touchant'),
    ('runeword.dragon.effect', 'fr', 'Défense'),
    ('runeword.dragon.effect', 'fr', 'Défense contre Missile'),
    ('runeword.dragon.effect', 'fr', 'pour la Force'),
    ('runeword.dragon.effect', 'fr', '12-15%% chances de lancer niveau 12-15 %s en touchant'),
    ('runeword.dragon.effect', 'fr', '20-18%% chances de lancer niveau 20-18 %s quand touché'),
    ('runeword.dragon.effect', 'fr', 'Aura niveau 14 %s quand équipé'),
    ('runeword.dragon.effect', 'fr', 'pour la Force'),
    ('runeword.dream.effect', 'fr', 'Défense'),
    ('runeword.dream.effect', 'fr', '10-15%% chances de lancer niveau 10-15 %s quand touché'),
    ('runeword.dream.effect', 'fr', 'pour le Mana'),
    ('runeword.dream.effect', 'fr', 'Résistance au Feu'),
    ('runeword.dream.effect', 'fr', 'Récupération très rapide après un coup'),
    ('runeword.dream.effect', 'fr', 'Aura niveau 15 %s quand équipé'),
    ('runeword.dream.effect', 'fr', 'plus grandes chances d''''obtenir un objet magique'),
    ('runeword.duress.effect', 'fr', 'à la valeur minimum des dégâts par le Froid'),
    ('runeword.duress.effect', 'fr', '+10-20% Enhanced Damage'),
    ('runeword.duress.effect', 'fr', 'Défense augmentée'),
    ('runeword.duress.effect', 'fr', 'Récupération très rapide après un coup'),
    ('runeword.duress.effect', 'fr', 'Proba. de blessures ouvertes'),
    ('runeword.duress.effect', 'fr', 'Proba. de Coup Cinglant'),
    ('runeword.duress.effect', 'fr', 'Ralentit perte d''''endurance'),
    ('runeword.edge.effect', 'fr', 'Dommages sur les démons'),
    ('runeword.edge.effect', 'fr', 'Dommages sur les morts-vivants'),
    ('runeword.edge.effect', 'fr', 'augmente la vitesse d''''attaque'),
    ('runeword.edge.effect', 'fr', 'Empêche les monstres de guérir'),
    ('runeword.edge.effect', 'fr', 'Aura niveau 15 %s quand équipé'),
    ('runeword.edge.effect', 'fr', 'pour la Force'),
    ('runeword.edge.effect', 'fr', 'Réduit les prix des marchands'),
    ('runeword.enigma.effect', 'fr', 'Défense'),
    ('runeword.enigma.effect', 'fr', 'Points de vie après chaque victime'),
    ('runeword.enigma.effect', 'fr', 'Marche/Course très rapide'),
    ('runeword.enigma.effect', 'fr', 'pour la Force'),
    ('runeword.enigma.effect', 'fr', 'pour toutes les aptitudes'),
    ('runeword.enigma.effect', 'fr', 'plus grandes chances d''''obtenir un objet magique'),
    ('runeword.enigma.effect', 'fr', '+1 to Teleport'),
    ('runeword.enlightenment.effect', 'fr', '5-15%% chances de lancer niveau 5-15 %s en touchant'),
    ('runeword.enlightenment.effect', 'fr', '5-15%% chances de lancer niveau 5-15 %s quand touché'),
    ('runeword.enlightenment.effect', 'fr', 'pour les niveaux d''''aptitude de l''''Amazone'),
    ('runeword.enlightenment.effect', 'fr', '+1 to Warmth'),
    ('runeword.eternity.effect', 'fr', '+260-310% Enhanced Damage'),
    ('runeword.eternity.effect', 'fr', 'Indestructible'),
    ('runeword.eternity.effect', 'fr', 'Ralentit l''''adversaire de'),
    ('runeword.eternity.effect', 'fr', '(88-8/88-8 charges)'),
    ('runeword.eternity.effect', 'fr', 'Refaire le plein de Vie'),
    ('runeword.eternity.effect', 'fr', 'Régénérer le Mana'),
    ('runeword.eternity.effect', 'fr', 'Ne peut être immobilisé'),
    ('runeword.exile.effect', 'fr', 'Vitesse de Parade très rapide'),
    ('runeword.exile.effect', 'fr', 'Immobilise l''''adversaire'),
    ('runeword.exile.effect', 'fr', 'Défense augmentée'),
    ('runeword.exile.effect', 'fr', 'Aura niveau 13-16 %s quand équipé'),
    ('runeword.exile.effect', 'fr', '+2 au javelot et à la lance'),
    ('runeword.exile.effect', 'fr', '15-5%% chances de lancer niveau 15-5 %s en touchant'),
    ('runeword.exile.effect', 'fr', 'Répare 0 durabilité par seconde'),
    ('runeword.faith.effect', 'fr', '+280% Enhanced Damage'),
    ('runeword.faith.effect', 'fr', 'bonus du niveau d''''attaque'),
    ('runeword.faith.effect', 'fr', 'à la valeur minimum des dégâts par le Feu'),
    ('runeword.faith.effect', 'fr', 'Résistance au Feu'),
    ('runeword.faith.effect', 'fr', 'Aura niveau 12-15 %s quand équipé'),
    ('runeword.faith.effect', 'fr', 'Ranime en :'),
    ('runeword.faith.effect', 'fr', 'pour toutes les aptitudes'),
    ('runeword.famine.effect', 'fr', '+270-320% Enhanced Damage'),
    ('runeword.famine.effect', 'fr', 'Vie volée à chaque coup'),
    ('runeword.famine.effect', 'fr', 'augmente la vitesse d''''attaque'),
    ('runeword.famine.effect', 'fr', 'Empêche les monstres de guérir'),
    ('runeword.famine.effect', 'fr', '+180-200 dommages magiques'),
    ('runeword.famine.effect', 'fr', 'à la valeur minimum des dégâts par le Feu'),
    ('runeword.famine.effect', 'fr', 'Ethereal'),
    ('runeword.flickering_flame.effect', 'fr', 'pour les aptitudes de Feu'),
    ('runeword.flickering_flame.effect', 'fr', 'Aura niveau 4-8 %s quand équipé'),
    ('runeword.flickering_flame.effect', 'fr', 'la résistance au feu de l''''ennemi'),
    ('runeword.flickering_flame.effect', 'fr', 'pour le Mana'),
    ('runeword.flickering_flame.effect', 'fr', 'Diminue de moitié la durée d''''Immobilisation'),
    ('runeword.flickering_flame.effect', 'fr', 'Effet du poison diminué de'),
    ('runeword.fortitude.effect', 'fr', 'Défense augmentée'),
    ('runeword.fortitude.effect', 'fr', '+300% Enhanced Damage'),
    ('runeword.fortitude.effect', 'fr', 'Vitesse de Sort très rapide'),
    ('runeword.fortitude.effect', 'fr', '20-15%% chances de lancer niveau 20-15 %s quand touché'),
    ('runeword.fortitude.effect', 'fr', 'Les dommages sont répercutés sur le Mana'),
    ('runeword.fortitude.effect', 'fr', 'pour la Vie'),
    ('runeword.fortitude.effect', 'fr', 'Résistance au Feu'),
    ('runeword.fury.effect', 'fr', '+209% Enhanced Damage'),
    ('runeword.fury.effect', 'fr', 'augmente la vitesse d''''attaque'),
    ('runeword.fury.effect', 'fr', 'Empêche les monstres de guérir'),
    ('runeword.fury.effect', 'fr', 'Proba. de blessures ouvertes'),
    ('runeword.fury.effect', 'fr', 'Vie volée à chaque coup'),
    ('runeword.fury.effect', 'fr', 'Coup mortel'),
    ('runeword.fury.effect', 'fr', '+5 to 147 ([Class] only)'),
    ('runeword.gloom.effect', 'fr', 'Défense augmentée'),
    ('runeword.gloom.effect', 'fr', 'Résistance au Feu'),
    ('runeword.gloom.effect', 'fr', '15-3%% chances de lancer niveau 15-3 %s quand touché'),
    ('runeword.gloom.effect', 'fr', 'Récupération très rapide après un coup'),
    ('runeword.gloom.effect', 'fr', 'Les dommages sont répercutés sur le Mana'),
    ('runeword.gloom.effect', 'fr', 'pour la portée lumineuse'),
    ('runeword.gloom.effect', 'fr', 'Diminue de moitié la durée d''''Immobilisation'),
    ('runeword.grief.effect', 'fr', 'Dommages sur les démons'),
    ('runeword.grief.effect', 'fr', 'Dommages'),
    ('runeword.grief.effect', 'fr', 'augmente la vitesse d''''attaque'),
    ('runeword.grief.effect', 'fr', '35-15%% chances de lancer niveau 35-15 %s en touchant'),
    ('runeword.grief.effect', 'fr', 'la résistance au poison de l''''ennemi'),
    ('runeword.grief.effect', 'fr', 'Ignore les défenses de l''''adversaire'),
    ('runeword.grief.effect', 'fr', 'Points de vie après chaque victime'),
    ('runeword.ground.effect', 'fr', 'Augmente le nombre maximum de points de Vie'),
    ('runeword.ground.effect', 'fr', 'Défense augmentée'),
    ('runeword.ground.effect', 'fr', 'Résistance à la Foudre'),
    ('runeword.ground.effect', 'fr', 'Absorbe la Foudre'),
    ('runeword.hand_of_justice.effect', 'fr', 'augmente la vitesse d''''attaque'),
    ('runeword.hand_of_justice.effect', 'fr', '+280-330% Enhanced Damage'),
    ('runeword.hand_of_justice.effect', 'fr', 'Aura niveau 16 %s quand équipé'),
    ('runeword.hand_of_justice.effect', 'fr', '100-36%% chances de lancer niveau 100-36 %s quand vous montez de niveau'),
    ('runeword.hand_of_justice.effect', 'fr', '100-48%% chances de lancer niveau 100-48 %s quand vous mourrez'),
    ('runeword.hand_of_justice.effect', 'fr', 'Ignore les défenses de l''''adversaire'),
    ('runeword.hand_of_justice.effect', 'fr', 'la résistance au feu de l''''ennemi'),
    ('runeword.harmony.effect', 'fr', '+200-275% Enhanced Damage'),
    ('runeword.harmony.effect', 'fr', 'à la valeur minimum des dégâts par le Feu'),
    ('runeword.harmony.effect', 'fr', '(25-20/25-20 charges)'),
    ('runeword.harmony.effect', 'fr', 'Aura niveau 10 %s quand équipé'),
    ('runeword.harmony.effect', 'fr', '+2-6 to Valkyrie'),
    ('runeword.harmony.effect', 'fr', 'Régénérer le Mana'),
    ('runeword.harmony.effect', 'fr', 'pour la portée lumineuse'),
    ('runeword.heart_of_the_oak.effect', 'fr', 'Vitesse de Sort très rapide'),
    ('runeword.heart_of_the_oak.effect', 'fr', '(25-4/25-4 charges)'),
    ('runeword.heart_of_the_oak.effect', 'fr', 'Augmente le nombre maximum de points de Mana'),
    ('runeword.heart_of_the_oak.effect', 'fr', 'pour toutes les aptitudes'),
    ('runeword.heart_of_the_oak.effect', 'fr', 'Refaire le plein de Vie'),
    ('runeword.heart_of_the_oak.effect', 'fr', 'Résistance au Feu'),
    ('runeword.heart_of_the_oak.effect', 'fr', '(60-14/60-14 charges)'),
    ('runeword.hearth.effect', 'fr', 'Augmente le nombre maximum de points de Vie'),
    ('runeword.hearth.effect', 'fr', 'Défense augmentée'),
    ('runeword.hearth.effect', 'fr', 'Résistance au Froid'),
    ('runeword.hearth.effect', 'fr', 'Absorbe le Froid'),
    ('runeword.hearth.effect', 'fr', 'Ne peut être immobilisé'),
    ('runeword.holy_thunder.effect', 'fr', '+60% Enhanced Damage'),
    ('runeword.holy_thunder.effect', 'fr', 'à la valeur minimum des dégâts par la Foudre'),
    ('runeword.holy_thunder.effect', 'fr', '+10 to Maximum Damage'),
    ('runeword.holy_thunder.effect', 'fr', 'Résistance à la Foudre'),
    ('runeword.holy_thunder.effect', 'fr', 'à la résistance maximum à la Foudre'),
    ('runeword.holy_thunder.effect', 'fr', '+3 to 118 ([Class] only)'),
    ('runeword.holy_thunder.effect', 'fr', '(60-7/60-7 charges)'),
    ('runeword.honor.effect', 'fr', '+160% Enhanced Damage'),
    ('runeword.honor.effect', 'fr', 'Refaire le plein de Vie'),
    ('runeword.honor.effect', 'fr', 'pour toutes les aptitudes'),
    ('runeword.honor.effect', 'fr', 'pour la puissance offensive'),
    ('runeword.honor.effect', 'fr', 'Coup mortel'),
    ('runeword.honor.effect', 'fr', 'pour la Force'),
    ('runeword.hustle_(armor).effect', 'fr', 'Marche/Course très rapide'),
    ('runeword.hustle_(armor).effect', 'fr', 'Ralentit perte d''''endurance'),
    ('runeword.hustle_(armor).effect', 'fr', 'augmente la vitesse d''''attaque'),
    ('runeword.hustle_(armor).effect', 'fr', 'Résistance au Feu'),
    ('runeword.hustle_(armor).effect', 'fr', '+6 to Evade'),
    ('runeword.hustle_(weapon).effect', 'fr', '5-1%% chances de lancer niveau 5-1 %s en touchant'),
    ('runeword.hustle_(weapon).effect', 'fr', 'augmente la vitesse d''''attaque'),
    ('runeword.hustle_(weapon).effect', 'fr', '+180-200% Enhanced Damage'),
    ('runeword.hustle_(weapon).effect', 'fr', 'Aura niveau 1 %s quand équipé'),
    ('runeword.ice.effect', 'fr', '+140-210% Enhanced Damage'),
    ('runeword.ice.effect', 'fr', 'Aura niveau 18 %s quand équipé'),
    ('runeword.ice.effect', 'fr', 'aux dégâts de froid'),
    ('runeword.ice.effect', 'fr', '25-22%% chances de lancer niveau 25-22 %s en touchant'),
    ('runeword.ice.effect', 'fr', '100-40%% chances de lancer niveau 100-40 %s quand vous montez de niveau'),
    ('runeword.ice.effect', 'fr', 'la résistance au froid de l''''ennemi'),
    ('runeword.ice.effect', 'fr', 'd''''or récupéré sur le monstre'),
    ('runeword.infinity.effect', 'fr', '+255-325% Enhanced Damage'),
    ('runeword.infinity.effect', 'fr', 'Marche/Course très rapide'),
    ('runeword.infinity.effect', 'fr', 'pour la Vitalité'),
    ('runeword.infinity.effect', 'fr', 'Aura niveau 12 %s quand équipé'),
    ('runeword.infinity.effect', 'fr', '50-20%% chances de lancer niveau 50-20 %s quand vous tuez un ennemi'),
    ('runeword.infinity.effect', 'fr', 'la résistance électrique de l''''ennemi'),
    ('runeword.infinity.effect', 'fr', '(30-21/30-21 charges)'),
    ('runeword.insight.effect', 'fr', '+200-260% Enhanced Damage'),
    ('runeword.insight.effect', 'fr', 'bonus du niveau d''''attaque'),
    ('runeword.insight.effect', 'fr', 'plus grandes chances d''''obtenir un objet magique'),
    ('runeword.insight.effect', 'fr', '+1-6 to Critical Strike'),
    ('runeword.insight.effect', 'fr', 'Vitesse de Sort très rapide'),
    ('runeword.insight.effect', 'fr', 'Aura niveau 12-17 %s quand équipé'),
    ('runeword.insight.effect', 'fr', 'pour la Force'),
    ('runeword.kings_grace.effect', 'fr', '+100% Enhanced Damage'),
    ('runeword.kings_grace.effect', 'fr', 'pour la puissance offensive'),
    ('runeword.kings_grace.effect', 'fr', 'Dommages sur les démons'),
    ('runeword.kings_grace.effect', 'fr', 'Dommages sur les morts-vivants'),
    ('runeword.kings_grace.effect', 'fr', 'pour la puissance d''''attaque contre les démons'),
    ('runeword.kings_grace.effect', 'fr', 'pour la puissance d''''attaque contre les morts-vivants'),
    ('runeword.kingslayer.effect', 'fr', 'augmente la vitesse d''''attaque'),
    ('runeword.kingslayer.effect', 'fr', '+230-270% Enhanced Damage'),
    ('runeword.kingslayer.effect', 'fr', 'Défense de la cible'),
    ('runeword.kingslayer.effect', 'fr', 'Proba. de Coup Cinglant'),
    ('runeword.kingslayer.effect', 'fr', 'Proba. de blessures ouvertes'),
    ('runeword.kingslayer.effect', 'fr', '+1 to Vengeance'),
    ('runeword.kingslayer.effect', 'fr', 'd''''or récupéré sur le monstre'),
    ('runeword.last_wish.effect', 'fr', '+330-375% Enhanced Damage'),
    ('runeword.last_wish.effect', 'fr', '20%% chances de lancer niveau 20 %s en attaquant'),
    ('runeword.last_wish.effect', 'fr', '10-18%% chances de lancer niveau 10-18 %s en touchant'),
    ('runeword.last_wish.effect', 'fr', '6-11%% chances de lancer niveau 6-11 %s quand touché'),
    ('runeword.last_wish.effect', 'fr', 'Proba. de Coup Cinglant'),
    ('runeword.last_wish.effect', 'fr', 'plus grandes chances d''''obtenir un objet magique'),
    ('runeword.last_wish.effect', 'fr', 'Aura niveau 17 %s quand équipé'),
    ('runeword.lawbringer.effect', 'fr', 'à la valeur minimum des dégâts par le Froid'),
    ('runeword.lawbringer.effect', 'fr', 'à la valeur minimum des dégâts par le Feu'),
    ('runeword.lawbringer.effect', 'fr', 'Aura niveau 16-18 %s quand équipé'),
    ('runeword.lawbringer.effect', 'fr', '20-15%% chances de lancer niveau 20-15 %s en touchant'),
    ('runeword.lawbringer.effect', 'fr', 'Défense contre Missile'),
    ('runeword.lawbringer.effect', 'fr', 'Monstres pourfendus reposent en paix'),
    ('runeword.lawbringer.effect', 'fr', 'Défense de la cible'),
    ('runeword.leaf.effect', 'fr', 'pour les aptitudes de Feu'),
    ('runeword.leaf.effect', 'fr', 'Défense'),
    ('runeword.leaf.effect', 'fr', 'Résistance au Froid'),
    ('runeword.leaf.effect', 'fr', '+3 to 41 ([Class] only)'),
    ('runeword.leaf.effect', 'fr', '+3 to 36 ([Class] only)'),
    ('runeword.leaf.effect', 'fr', '+3 to 37 ([Class] only)'),
    ('runeword.lionheart.effect', 'fr', 'pour la Force'),
    ('runeword.lionheart.effect', 'fr', 'pour la Vitalité'),
    ('runeword.lionheart.effect', 'fr', 'pour la Dextérité'),
    ('runeword.lionheart.effect', 'fr', '+20% Enhanced Damage'),
    ('runeword.lionheart.effect', 'fr', 'pour la Vie'),
    ('runeword.lionheart.effect', 'fr', 'Résistance au Feu'),
    ('runeword.lore.effect', 'fr', 'pour l''''Energie'),
    ('runeword.lore.effect', 'fr', 'pour toutes les aptitudes'),
    ('runeword.lore.effect', 'fr', 'pour la portée lumineuse'),
    ('runeword.lore.effect', 'fr', 'de Mana après chaque mort'),
    ('runeword.malice.effect', 'fr', 'Proba. de blessures ouvertes'),
    ('runeword.malice.effect', 'fr', 'Protection contre les monstres par coup'),
    ('runeword.malice.effect', 'fr', 'Empêche les monstres de guérir'),
    ('runeword.malice.effect', 'fr', '+33% Enhanced Damage'),
    ('runeword.malice.effect', 'fr', 'pour la portée lumineuse'),
    ('runeword.malice.effect', 'fr', 'Refaire le plein de Vie'),
    ('runeword.melody.effect', 'fr', '+50% Enhanced Damage'),
    ('runeword.melody.effect', 'fr', '+3 au javelot et à la lance'),
    ('runeword.melody.effect', 'fr', '+3 to 9 ([Class] only)'),
    ('runeword.melody.effect', 'fr', '+3 to 13 ([Class] only)'),
    ('runeword.melody.effect', 'fr', '+3 to 17 ([Class] only)'),
    ('runeword.melody.effect', 'fr', 'Dommages sur les morts-vivants'),
    ('runeword.memory.effect', 'fr', 'Augmente le nombre maximum de points de Mana'),
    ('runeword.memory.effect', 'fr', 'Dommages magiques réduits de'),
    ('runeword.memory.effect', 'fr', 'Défense augmentée'),
    ('runeword.memory.effect', 'fr', 'Vitesse de Sort très rapide'),
    ('runeword.memory.effect', 'fr', 'pour les niveaux d''''aptitude de l''''Amazone'),
    ('runeword.memory.effect', 'fr', '+3 to 58 ([Class] only)'),
    ('runeword.memory.effect', 'fr', '+2 to 42 ([Class] only)'),
    ('runeword.metamorphosis.effect', 'fr', '100-1%% chances de lancer niveau 100-1 %s en touchant'),
    ('runeword.metamorphosis.effect', 'fr', '100-1%% chances de lancer niveau 100-1 %s en touchant'),
    ('runeword.metamorphosis.effect', 'fr', '+5 au javelot et à la lance'),
    ('runeword.metamorphosis.effect', 'fr', 'Défense augmentée'),
    ('runeword.metamorphosis.effect', 'fr', 'Résistance au Feu'),
    ('runeword.metamorphosis.effect', 'fr', 'Proba. de Coup Cinglant'),
    ('runeword.mist.effect', 'fr', 'pour toutes les aptitudes'),
    ('runeword.mist.effect', 'fr', '+325-375% Enhanced Damage'),
    ('runeword.mist.effect', 'fr', 'Aura niveau 8-12 %s quand équipé'),
    ('runeword.mist.effect', 'fr', 'Attaque perforante'),
    ('runeword.mist.effect', 'fr', 'pour la Vitalité'),
    ('runeword.mist.effect', 'fr', 'Résistance au Feu'),
    ('runeword.mosaic.effect', 'fr', '+2 au javelot et à la lance'),
    ('runeword.mosaic.effect', 'fr', '+50% chance for finishing moves to not consume charges'),
    ('runeword.mosaic.effect', 'fr', 'augmente la vitesse d''''attaque'),
    ('runeword.mosaic.effect', 'fr', '+200-250% Enhanced Damage'),
    ('runeword.mosaic.effect', 'fr', 'aux dégâts de feu'),
    ('runeword.mosaic.effect', 'fr', 'aux dégâts de froid'),
    ('runeword.mosaic.effect', 'fr', 'aux dégâts électriques'),
    ('runeword.myth.effect', 'fr', '10-1%% chances de lancer niveau 10-1 %s en touchant'),
    ('runeword.myth.effect', 'fr', '3-1%% chances de lancer niveau 3-1 %s quand touché'),
    ('runeword.myth.effect', 'fr', 'pour les niveaux d''''aptitude de l''''Amazone'),
    ('runeword.myth.effect', 'fr', 'Refaire le plein de Vie'),
    ('runeword.nadir.effect', 'fr', 'Défense augmentée'),
    ('runeword.nadir.effect', 'fr', 'Défense'),
    ('runeword.nadir.effect', 'fr', 'pour la portée lumineuse'),
    ('runeword.nadir.effect', 'fr', '(9-13/9-13 charges)'),
    ('runeword.nadir.effect', 'fr', 'd''''or récupéré sur le monstre'),
    ('runeword.nadir.effect', 'fr', 'pour la Force'),
    ('runeword.oath.effect', 'fr', '+210-340% Enhanced Damage'),
    ('runeword.oath.effect', 'fr', 'augmente la vitesse d''''attaque'),
    ('runeword.oath.effect', 'fr', '30-20%% chances de lancer niveau 30-20 %s en touchant'),
    ('runeword.oath.effect', 'fr', '(14-17/14-17 charges)'),
    ('runeword.oath.effect', 'fr', '(20-16/20-16 charges)'),
    ('runeword.oath.effect', 'fr', 'Absorbe la Magie'),
    ('runeword.oath.effect', 'fr', 'Indestructible'),
    ('runeword.obedience.effect', 'fr', '+370% Enhanced Damage'),
    ('runeword.obedience.effect', 'fr', 'Proba. de Coup Cinglant'),
    ('runeword.obedience.effect', 'fr', '30-21%% chances de lancer niveau 30-21 %s quand vous tuez un ennemi'),
    ('runeword.obedience.effect', 'fr', 'la résistance au feu de l''''ennemi'),
    ('runeword.obedience.effect', 'fr', 'Défense'),
    ('runeword.obedience.effect', 'fr', 'Récupération très rapide après un coup'),
    ('runeword.obedience.effect', 'fr', 'Résistance au Feu'),
    ('runeword.obsession.effect', 'fr', 'pour toutes les aptitudes'),
    ('runeword.obsession.effect', 'fr', '24-10%% chances de lancer niveau 24-10 %s quand touché'),
    ('runeword.obsession.effect', 'fr', 'Vitesse de Sort très rapide'),
    ('runeword.obsession.effect', 'fr', 'Récupération très rapide après un coup'),
    ('runeword.obsession.effect', 'fr', 'Résistance au Feu'),
    ('runeword.obsession.effect', 'fr', 'Augmente le nombre maximum de points de Vie'),
    ('runeword.obsession.effect', 'fr', 'Régénérer le Mana'),
    ('runeword.passion.effect', 'fr', '+160-210% Enhanced Damage'),
    ('runeword.passion.effect', 'fr', '+1 to Zeal'),
    ('runeword.passion.effect', 'fr', 'bonus du niveau d''''attaque'),
    ('runeword.passion.effect', 'fr', '+1 to Berserk'),
    ('runeword.passion.effect', 'fr', 'augmente la vitesse d''''attaque'),
    ('runeword.passion.effect', 'fr', '(12-3/12-3 charges)'),
    ('runeword.passion.effect', 'fr', 'Chaque coup aveugle l''''adversaire'),
    ('runeword.pattern.effect', 'fr', 'bonus du niveau d''''attaque'),
    ('runeword.pattern.effect', 'fr', '+40-80% Enhanced Damage'),
    ('runeword.pattern.effect', 'fr', 'à la valeur minimum des dégâts par le Feu'),
    ('runeword.pattern.effect', 'fr', 'Résistance au Feu'),
    ('runeword.pattern.effect', 'fr', 'pour la Force'),
    ('runeword.pattern.effect', 'fr', 'pour la Dextérité'),
    ('runeword.pattern.effect', 'fr', 'Vitesse de Parade très rapide'),
    ('runeword.peace.effect', 'fr', '2-15%% chances de lancer niveau 2-15 %s en touchant'),
    ('runeword.peace.effect', 'fr', '4-5%% chances de lancer niveau 4-5 %s quand touché'),
    ('runeword.peace.effect', 'fr', 'pour les niveaux d''''aptitude de l''''Amazone'),
    ('runeword.peace.effect', 'fr', '+2 to Critical Strike'),
    ('runeword.phoenix.effect', 'fr', '+350-400% Enhanced Damage'),
    ('runeword.phoenix.effect', 'fr', 'Défense contre Missile'),
    ('runeword.phoenix.effect', 'fr', '40-22%% chances de lancer niveau 40-22 %s en touchant'),
    ('runeword.phoenix.effect', 'fr', '100-40%% chances de lancer niveau 100-40 %s quand vous montez de niveau'),
    ('runeword.phoenix.effect', 'fr', 'la résistance au feu de l''''ennemi'),
    ('runeword.phoenix.effect', 'fr', 'Aura niveau 10-15 %s quand équipé'),
    ('runeword.phoenix.effect', 'fr', 'Absorbe le Feu'),
    ('runeword.plague.effect', 'fr', '+220-320% Enhanced Damage'),
    ('runeword.plague.effect', 'fr', '20-12%% chances de lancer niveau 20-12 %s quand touché'),
    ('runeword.plague.effect', 'fr', '25-15%% chances de lancer niveau 25-15 %s en touchant'),
    ('runeword.plague.effect', 'fr', 'la résistance au poison de l''''ennemi'),
    ('runeword.plague.effect', 'fr', 'Coup mortel'),
    ('runeword.plague.effect', 'fr', 'Aura niveau 13-17 %s quand équipé'),
    ('runeword.plague.effect', 'fr', 'pour toutes les aptitudes'),
    ('runeword.pride.effect', 'fr', 'Dommages sur les démons'),
    ('runeword.pride.effect', 'fr', 'à la valeur minimum des dégâts par la Foudre'),
    ('runeword.pride.effect', 'fr', 'bonus du niveau d''''attaque'),
    ('runeword.pride.effect', 'fr', 'Aura niveau 16-20 %s quand équipé'),
    ('runeword.pride.effect', 'fr', '25-17%% chances de lancer niveau 25-17 %s quand touché'),
    ('runeword.pride.effect', 'fr', 'Refaire le plein de Vie'),
    ('runeword.pride.effect', 'fr', 'd''''or récupéré sur le monstre'),
    ('runeword.principle.effect', 'fr', '100-5%% chances de lancer niveau 100-5 %s en touchant'),
    ('runeword.principle.effect', 'fr', 'pour les niveaux d''''aptitude de l''''Amazone'),
    ('runeword.principle.effect', 'fr', 'pour la Vie'),
    ('runeword.principle.effect', 'fr', 'Dommages sur les morts-vivants'),
    ('runeword.prudence.effect', 'fr', 'Défense augmentée'),
    ('runeword.prudence.effect', 'fr', 'Dommages magiques réduits de'),
    ('runeword.prudence.effect', 'fr', 'Dommages réduits de'),
    ('runeword.prudence.effect', 'fr', 'Résistance au Feu'),
    ('runeword.prudence.effect', 'fr', 'Récupération très rapide après un coup'),
    ('runeword.prudence.effect', 'fr', 'Répare 0 durabilité par seconde'),
    ('runeword.prudence.effect', 'fr', 'pour la portée lumineuse'),
    ('runeword.radiance.effect', 'fr', 'pour la portée lumineuse'),
    ('runeword.radiance.effect', 'fr', 'pour l''''Energie'),
    ('runeword.radiance.effect', 'fr', 'pour la Vitalité'),
    ('runeword.radiance.effect', 'fr', 'Dommages magiques réduits de'),
    ('runeword.radiance.effect', 'fr', 'pour le Mana'),
    ('runeword.radiance.effect', 'fr', 'Défense augmentée'),
    ('runeword.rain.effect', 'fr', '5-15%% chances de lancer niveau 5-15 %s en touchant'),
    ('runeword.rain.effect', 'fr', '5-15%% chances de lancer niveau 5-15 %s quand touché'),
    ('runeword.rain.effect', 'fr', 'pour les niveaux d''''aptitude de l''''Amazone'),
    ('runeword.rain.effect', 'fr', 'pour le Mana'),
    ('runeword.rhyme.effect', 'fr', 'Vitesse de Parade très rapide'),
    ('runeword.rhyme.effect', 'fr', 'Chances de parade accrues'),
    ('runeword.rhyme.effect', 'fr', 'Résistance au Feu'),
    ('runeword.rhyme.effect', 'fr', 'Ne peut être immobilisé'),
    ('runeword.rhyme.effect', 'fr', 'd''''or récupéré sur le monstre'),
    ('runeword.rhyme.effect', 'fr', 'plus grandes chances d''''obtenir un objet magique'),
    ('runeword.rift.effect', 'fr', '+160-250 dommages magiques'),
    ('runeword.rift.effect', 'fr', 'à la valeur minimum des dégâts par le Feu'),
    ('runeword.rift.effect', 'fr', 'Les dommages sont répercutés sur le Mana'),
    ('runeword.rift.effect', 'fr', '20-16%% chances de lancer niveau 20-16 %s en touchant'),
    ('runeword.rift.effect', 'fr', '16-21%% chances de lancer niveau 16-21 %s en attaquant'),
    ('runeword.rift.effect', 'fr', '(40-15/40-15 charges)'),
    ('runeword.rift.effect', 'fr', 'pour la Force'),
    ('runeword.ritual.effect', 'fr', '13-1%% chances de lancer niveau 13-1 %s quand touché'),
    ('runeword.ritual.effect', 'fr', 'augmente la vitesse d''''attaque'),
    ('runeword.ritual.effect', 'fr', '+200-270% Enhanced Damage'),
    ('runeword.ritual.effect', 'fr', 'Dommages sur les démons'),
    ('runeword.ritual.effect', 'fr', 'bonus du niveau d''''attaque'),
    ('runeword.ritual.effect', 'fr', 'Points de vie après chaque victime'),
    ('runeword.ritual.effect', 'fr', 'Monstres pourfendus reposent en paix'),
    ('runeword.sanctuary.effect', 'fr', 'Chances de parade accrues'),
    ('runeword.sanctuary.effect', 'fr', 'Vitesse de Parade très rapide'),
    ('runeword.sanctuary.effect', 'fr', 'Défense augmentée'),
    ('runeword.sanctuary.effect', 'fr', 'Défense contre Missile'),
    ('runeword.sanctuary.effect', 'fr', 'Résistance au Feu'),
    ('runeword.sanctuary.effect', 'fr', 'Récupération très rapide après un coup'),
    ('runeword.sanctuary.effect', 'fr', '(60-12/60-12 charges)'),
    ('runeword.silence.effect', 'fr', 'Mana volé à chaque coup'),
    ('runeword.silence.effect', 'fr', 'Chaque coup aveugle l''''adversaire'),
    ('runeword.silence.effect', 'fr', '+200% Enhanced Damage'),
    ('runeword.silence.effect', 'fr', 'augmente la vitesse d''''attaque'),
    ('runeword.silence.effect', 'fr', 'Résistance au Feu'),
    ('runeword.silence.effect', 'fr', 'pour toutes les aptitudes'),
    ('runeword.silence.effect', 'fr', 'Récupération très rapide après un coup'),
    ('runeword.smoke.effect', 'fr', 'Défense contre Missile'),
    ('runeword.smoke.effect', 'fr', 'Défense augmentée'),
    ('runeword.smoke.effect', 'fr', 'Résistance au Feu'),
    ('runeword.smoke.effect', 'fr', 'Récupération très rapide après un coup'),
    ('runeword.smoke.effect', 'fr', 'pour la portée lumineuse'),
    ('runeword.smoke.effect', 'fr', '(18-6/18-6 charges)'),
    ('runeword.spirit.effect', 'fr', 'Récupération très rapide après un coup'),
    ('runeword.spirit.effect', 'fr', 'pour le Mana'),
    ('runeword.spirit.effect', 'fr', 'Défense contre Missile'),
    ('runeword.spirit.effect', 'fr', 'pour la Vitalité'),
    ('runeword.spirit.effect', 'fr', 'Vitesse de Sort très rapide'),
    ('runeword.spirit.effect', 'fr', 'Absorbe la Magie'),
    ('runeword.spirit.effect', 'fr', 'pour toutes les aptitudes'),
    ('runeword.splendor.effect', 'fr', 'pour la portée lumineuse'),
    ('runeword.splendor.effect', 'fr', 'd''''or récupéré sur le monstre'),
    ('runeword.splendor.effect', 'fr', 'plus grandes chances d''''obtenir un objet magique'),
    ('runeword.splendor.effect', 'fr', 'Défense augmentée'),
    ('runeword.splendor.effect', 'fr', 'Vitesse de Parade très rapide'),
    ('runeword.splendor.effect', 'fr', 'Vitesse de Sort très rapide'),
    ('runeword.splendor.effect', 'fr', 'pour toutes les aptitudes'),
    ('runeword.stealth.effect', 'fr', 'Dommages magiques réduits de'),
    ('runeword.stealth.effect', 'fr', 'pour la Dextérité'),
    ('runeword.stealth.effect', 'fr', 'Endurance maximale'),
    ('runeword.stealth.effect', 'fr', 'Marche/Course très rapide'),
    ('runeword.stealth.effect', 'fr', 'Vitesse de Sort très rapide'),
    ('runeword.stealth.effect', 'fr', 'Récupération très rapide après un coup'),
    ('runeword.steel.effect', 'fr', 'augmente la vitesse d''''attaque'),
    ('runeword.steel.effect', 'fr', '+3 to Minimum Damage'),
    ('runeword.steel.effect', 'fr', '+3 to Maximum Damage'),
    ('runeword.steel.effect', 'fr', 'Proba. de blessures ouvertes'),
    ('runeword.steel.effect', 'fr', '+20% Enhanced Damage'),
    ('runeword.stone.effect', 'fr', 'Défense augmentée'),
    ('runeword.stone.effect', 'fr', '(16/16 charges)'),
    ('runeword.stone.effect', 'fr', 'Défense contre Missile'),
    ('runeword.stone.effect', 'fr', '(80-16/80-16 charges)'),
    ('runeword.stone.effect', 'fr', 'pour la Force'),
    ('runeword.stone.effect', 'fr', 'pour la Vitalité'),
    ('runeword.stone.effect', 'fr', 'Récupération très rapide après un coup'),
    ('runeword.strength.effect', 'fr', 'pour la Force'),
    ('runeword.strength.effect', 'fr', '+35% Enhanced Damage'),
    ('runeword.strength.effect', 'fr', 'pour la Vitalité'),
    ('runeword.strength.effect', 'fr', 'Proba. de Coup Cinglant'),
    ('runeword.temper.effect', 'fr', 'Augmente le nombre maximum de points de Vie'),
    ('runeword.temper.effect', 'fr', 'Défense augmentée'),
    ('runeword.temper.effect', 'fr', 'Résistance au Feu'),
    ('runeword.temper.effect', 'fr', 'Absorbe le Feu'),
    ('runeword.treachery.effect', 'fr', '25-15%% chances de lancer niveau 25-15 %s en touchant'),
    ('runeword.treachery.effect', 'fr', '5-15%% chances de lancer niveau 5-15 %s quand touché'),
    ('runeword.treachery.effect', 'fr', 'pour les niveaux d''''aptitude de l''''Amazone'),
    ('runeword.treachery.effect', 'fr', 'augmente la vitesse d''''attaque'),
    ('runeword.unbending_will.effect', 'fr', '+3 au javelot et à la lance'),
    ('runeword.unbending_will.effect', 'fr', '18%% chances de lancer niveau 18 %s en touchant'),
    ('runeword.unbending_will.effect', 'fr', 'augmente la vitesse d''''attaque'),
    ('runeword.unbending_will.effect', 'fr', '+300-350% Enhanced Damage'),
    ('runeword.unbending_will.effect', 'fr', 'Dommages réduits de'),
    ('runeword.unbending_will.effect', 'fr', 'Empêche les monstres de guérir'),
    ('runeword.unbending_will.effect', 'fr', 'Vie volée à chaque coup'),
    ('runeword.venom.effect', 'fr', 'à la valeur minimum des dégâts par le Poison'),
    ('runeword.venom.effect', 'fr', 'Ignore les défenses de l''''adversaire'),
    ('runeword.venom.effect', 'fr', '(27-15/27-15 charges)'),
    ('runeword.venom.effect', 'fr', '(11-13/11-13 charges)'),
    ('runeword.venom.effect', 'fr', 'Mana volé à chaque coup'),
    ('runeword.vigilance.effect', 'fr', '5-10%% chances de lancer niveau 5-10 %s quand touché'),
    ('runeword.vigilance.effect', 'fr', 'Marche/Course très rapide'),
    ('runeword.vigilance.effect', 'fr', 'Vitesse de Parade très rapide'),
    ('runeword.vigilance.effect', 'fr', 'pour la Vie'),
    ('runeword.vigilance.effect', 'fr', 'pour le Mana'),
    ('runeword.vigilance.effect', 'fr', 'Résistance au Feu'),
    ('runeword.vigilance.effect', 'fr', 'Défense augmentée'),
    ('runeword.voice_of_reason.effect', 'fr', 'Dommages sur les démons'),
    ('runeword.voice_of_reason.effect', 'fr', 'Dommages sur les morts-vivants'),
    ('runeword.voice_of_reason.effect', 'fr', 'à la valeur minimum des dégâts par le Froid'),
    ('runeword.voice_of_reason.effect', 'fr', 'la résistance au froid de l''''ennemi'),
    ('runeword.voice_of_reason.effect', 'fr', '18-20%% chances de lancer niveau 18-20 %s en touchant'),
    ('runeword.voice_of_reason.effect', 'fr', '15-13%% chances de lancer niveau 15-13 %s en touchant'),
    ('runeword.voice_of_reason.effect', 'fr', 'Ne peut être immobilisé'),
    ('runeword.void.effect', 'fr', 'pour toutes les aptitudes'),
    ('runeword.void.effect', 'fr', 'Vitesse de Sort très rapide'),
    ('runeword.void.effect', 'fr', '+10-15% to Magic Skill Damage'),
    ('runeword.void.effect', 'fr', '+1-3 to Abyss'),
    ('runeword.void.effect', 'fr', 'pour la Force'),
    ('runeword.void.effect', 'fr', '(35-4/35-4 charges)'),
    ('runeword.wealth.effect', 'fr', 'd''''or récupéré sur le monstre'),
    ('runeword.wealth.effect', 'fr', 'plus grandes chances d''''obtenir un objet magique'),
    ('runeword.white.effect', 'fr', '+3 au javelot et à la lance'),
    ('runeword.white.effect', 'fr', 'Dommages magiques réduits de'),
    ('runeword.white.effect', 'fr', 'Vitesse de Sort très rapide'),
    ('runeword.white.effect', 'fr', 'pour le Mana'),
    ('runeword.white.effect', 'fr', '+3 to 68 ([Class] only)'),
    ('runeword.white.effect', 'fr', '+2 to 84 ([Class] only)'),
    ('runeword.white.effect', 'fr', '+4 to 69 ([Class] only)'),
    ('runeword.wind.effect', 'fr', '+120-160% Enhanced Damage'),
    ('runeword.wind.effect', 'fr', 'augmente la vitesse d''''attaque'),
    ('runeword.wind.effect', 'fr', 'Marche/Course très rapide'),
    ('runeword.wind.effect', 'fr', 'Défense de la cible'),
    ('runeword.wind.effect', 'fr', '10-9%% chances de lancer niveau 10-9 %s en touchant'),
    ('runeword.wind.effect', 'fr', '(127-13/127-13 charges)'),
    ('runeword.wind.effect', 'fr', 'Récupération très rapide après un coup'),
    ('runeword.wisdom.effect', 'fr', 'Attaque perforante'),
    ('runeword.wisdom.effect', 'fr', 'Mana volé à chaque coup'),
    ('runeword.wisdom.effect', 'fr', 'bonus du niveau d''''attaque'),
    ('runeword.wisdom.effect', 'fr', 'de Mana après chaque mort'),
    ('runeword.wisdom.effect', 'fr', 'Ne peut être immobilisé'),
    ('runeword.wisdom.effect', 'fr', 'pour l''''Energie'),
    ('runeword.wrath.effect', 'fr', 'Dommages sur les démons'),
    ('runeword.wrath.effect', 'fr', 'Dommages sur les morts-vivants'),
    ('runeword.wrath.effect', 'fr', 'à la valeur minimum des dégâts par la Foudre'),
    ('runeword.wrath.effect', 'fr', '+85-120 dommages magiques'),
    ('runeword.wrath.effect', 'fr', '5-10%% chances de lancer niveau 5-10 %s en touchant'),
    ('runeword.wrath.effect', 'fr', '30-1%% chances de lancer niveau 30-1 %s en touchant'),
    ('runeword.wrath.effect', 'fr', 'Ne peut être immobilisé'),
    ('runeword.zephyr.effect', 'fr', 'Marche/Course très rapide'),
    ('runeword.zephyr.effect', 'fr', 'augmente la vitesse d''''attaque'),
    ('runeword.zephyr.effect', 'fr', '+33% Enhanced Damage'),
    ('runeword.zephyr.effect', 'fr', 'pour la puissance offensive'),
    ('runeword.zephyr.effect', 'fr', '7-1%% chances de lancer niveau 7-1 %s quand touché'),
    ('runeword.zephyr.effect', 'fr', 'Défense'),
    ('rune.el.weapon', 'fr', 'pour la portée lumineuse / pour la puissance offensive'),
    ('rune.el.armor', 'fr', 'pour la portée lumineuse / Défense'),
    ('rune.el.shield', 'fr', 'pour la portée lumineuse / Défense'),
    ('rune.eld.weapon', 'fr', 'pour la puissance d''''''''attaque contre les morts-vivants / Dommages sur les morts-vivants'),
    ('rune.eld.armor', 'fr', 'Ralentit perte d''''''''endurance'),
    ('rune.eld.shield', 'fr', 'Chances de parade accrues'),
    ('rune.tir.weapon', 'fr', 'de Mana après chaque mort'),
    ('rune.tir.armor', 'fr', 'de Mana après chaque mort'),
    ('rune.tir.shield', 'fr', 'de Mana après chaque mort'),
    ('rune.nef.weapon', 'fr', 'Riposter'),
    ('rune.nef.armor', 'fr', 'Défense contre Missile'),
    ('rune.nef.shield', 'fr', 'Défense contre Missile'),
    ('rune.eth.weapon', 'fr', 'Défense de la cible'),
    ('rune.eth.armor', 'fr', 'Régénérer le Mana'),
    ('rune.eth.shield', 'fr', 'Régénérer le Mana'),
    ('rune.ith.weapon', 'fr', '+9 to Maximum Damage'),
    ('rune.ith.armor', 'fr', 'Les dommages sont répercutés sur le Mana'),
    ('rune.ith.shield', 'fr', 'Les dommages sont répercutés sur le Mana'),
    ('rune.tal.weapon', 'fr', 'à la valeur minimum des dégâts par le Poison'),
    ('rune.tal.armor', 'fr', 'Résistance au Poison'),
    ('rune.tal.shield', 'fr', 'Résistance au Poison'),
    ('rune.ral.weapon', 'fr', 'à la valeur minimum des dégâts par le Feu'),
    ('rune.ral.armor', 'fr', 'Résistance au Feu'),
    ('rune.ral.shield', 'fr', 'Résistance au Feu'),
    ('rune.ort.weapon', 'fr', 'à la valeur minimum des dégâts par la Foudre'),
    ('rune.ort.armor', 'fr', 'Résistance à la Foudre'),
    ('rune.ort.shield', 'fr', 'Résistance à la Foudre'),
    ('rune.thul.weapon', 'fr', 'à la valeur minimum des dégâts par le Froid'),
    ('rune.thul.armor', 'fr', 'Résistance au Froid'),
    ('rune.thul.shield', 'fr', 'Résistance au Froid'),
    ('rune.amn.weapon', 'fr', 'Vie volée à chaque coup'),
    ('rune.amn.armor', 'fr', 'L''''''''adversaire subit des dommages de'),
    ('rune.amn.shield', 'fr', 'L''''''''adversaire subit des dommages de'),
    ('rune.sol.weapon', 'fr', '+9 to Minimum Damage'),
    ('rune.sol.armor', 'fr', 'Dommages réduits de'),
    ('rune.sol.shield', 'fr', 'Dommages réduits de'),
    ('rune.shael.weapon', 'fr', 'augmente la vitesse d''''''''attaque'),
    ('rune.shael.armor', 'fr', 'Récupération très rapide après un coup'),
    ('rune.shael.shield', 'fr', 'Vitesse de Parade très rapide'),
    ('rune.dol.weapon', 'fr', 'Le monstre, touché, s''''''''enfuit'),
    ('rune.dol.armor', 'fr', 'Refaire le plein de Vie'),
    ('rune.dol.shield', 'fr', 'Refaire le plein de Vie'),
    ('rune.hel.weapon', 'fr', 'Conditions requises'),
    ('rune.hel.armor', 'fr', 'Conditions requises'),
    ('rune.hel.shield', 'fr', 'Conditions requises'),
    ('rune.io.weapon', 'fr', 'pour la Vitalité'),
    ('rune.io.armor', 'fr', 'pour la Vitalité'),
    ('rune.io.shield', 'fr', 'pour la Vitalité'),
    ('rune.lum.weapon', 'fr', 'pour l''''''''Energie'),
    ('rune.lum.armor', 'fr', 'pour l''''''''Energie'),
    ('rune.lum.shield', 'fr', 'pour l''''''''Energie'),
    ('rune.ko.weapon', 'fr', 'pour la Dextérité'),
    ('rune.ko.armor', 'fr', 'pour la Dextérité'),
    ('rune.ko.shield', 'fr', 'pour la Dextérité'),
    ('rune.fal.weapon', 'fr', 'pour la Force'),
    ('rune.fal.armor', 'fr', 'pour la Force'),
    ('rune.fal.shield', 'fr', 'pour la Force'),
    ('rune.lem.weapon', 'fr', 'd''''''''or récupéré sur le monstre'),
    ('rune.lem.armor', 'fr', 'd''''''''or récupéré sur le monstre'),
    ('rune.lem.shield', 'fr', 'd''''''''or récupéré sur le monstre'),
    ('rune.pul.weapon', 'fr', 'pour la puissance d''''''''attaque contre les démons / Dommages sur les démons'),
    ('rune.pul.armor', 'fr', 'Défense augmentée'),
    ('rune.pul.shield', 'fr', 'Défense augmentée'),
    ('rune.um.weapon', 'fr', 'Proba. de blessures ouvertes'),
    ('rune.um.armor', 'fr', 'Résistance au Feu'),
    ('rune.um.shield', 'fr', 'Résistance au Feu'),
    ('rune.mal.weapon', 'fr', 'Empêche les monstres de guérir'),
    ('rune.mal.armor', 'fr', 'Dommages magiques réduits de'),
    ('rune.mal.shield', 'fr', 'Dommages magiques réduits de'),
    ('rune.ist.weapon', 'fr', 'plus grandes chances d''''''''obtenir un objet magique'),
    ('rune.ist.armor', 'fr', 'plus grandes chances d''''''''obtenir un objet magique'),
    ('rune.ist.shield', 'fr', 'plus grandes chances d''''''''obtenir un objet magique'),
    ('rune.gul.weapon', 'fr', 'bonus du niveau d''''''''attaque'),
    ('rune.gul.armor', 'fr', 'à la résistance maximum au Poison'),
    ('rune.gul.shield', 'fr', 'à la résistance maximum au Poison'),
    ('rune.vex.weapon', 'fr', 'Mana volé à chaque coup'),
    ('rune.vex.armor', 'fr', 'à la résistance maximum au Feu'),
    ('rune.vex.shield', 'fr', 'à la résistance maximum au Feu'),
    ('rune.ohm.weapon', 'fr', '+50% Enhanced Damage'),
    ('rune.ohm.armor', 'fr', 'à la résistance maximum au Froid'),
    ('rune.ohm.shield', 'fr', 'à la résistance maximum au Froid'),
    ('rune.lo.weapon', 'fr', 'Coup mortel'),
    ('rune.lo.armor', 'fr', 'à la résistance maximum à la Foudre'),
    ('rune.lo.shield', 'fr', 'à la résistance maximum à la Foudre'),
    ('rune.sur.weapon', 'fr', 'Chaque coup aveugle l''''''''adversaire'),
    ('rune.sur.armor', 'fr', 'Augmente le nombre maximum de points de Mana'),
    ('rune.sur.shield', 'fr', 'pour le Mana'),
    ('rune.ber.weapon', 'fr', 'Proba. de Coup Cinglant'),
    ('rune.ber.armor', 'fr', 'Damage Reduced by 8%'),
    ('rune.ber.shield', 'fr', 'Damage Reduced by 8%'),
    ('rune.jah.weapon', 'fr', 'Ignore les défenses de l''''''''adversaire'),
    ('rune.jah.armor', 'fr', 'Augmente le nombre maximum de points de Vie'),
    ('rune.jah.shield', 'fr', 'pour la Vie'),
    ('rune.cham.weapon', 'fr', 'Immobilise l''''''''adversaire'),
    ('rune.cham.armor', 'fr', 'Ne peut être immobilisé'),
    ('rune.cham.shield', 'fr', 'Ne peut être immobilisé'),
    ('rune.zod.weapon', 'fr', 'Indestructible'),
    ('rune.zod.armor', 'fr', 'Indestructible'),
    ('rune.zod.shield', 'fr', 'Indestructible');

-- Cas de renommage : Hustle (weapon) -> Mania au patch 270
INSERT INTO translations (name_key, lang, value, patch_min, patch_max) VALUES
    ('runeword.mania', 'en', 'Mania',  270, NULL),
    ('runeword.mania', 'en', 'Hustle', NULL, 260),
    ('runeword.mania', 'fr', 'Manie',  270, NULL),
    ('runeword.mania', 'fr', 'Hustle', NULL, 260);

-- Grief : Griserie (LoD) -> Grand Chagrin (D2R 2.4+)
INSERT INTO translations (name_key, lang, value, patch_min, patch_max) VALUES
    ('runeword.grief', 'fr', 'Grand Chagrin', 240, NULL),
    ('runeword.grief', 'fr', 'Griserie',      NULL, 111);

-- Duress : Duel (LoD) -> Domination (D2R 2.4+)
INSERT INTO translations (name_key, lang, value, patch_min, patch_max) VALUES
    ('runeword.duress', 'fr', 'Domination', 240, NULL),
    ('runeword.duress', 'fr', 'Duel',       NULL, 111);

-- Oath : Orme (LoD) -> Serment (D2R 2.4+)
INSERT INTO translations (name_key, lang, value, patch_min, patch_max) VALUES
    ('runeword.oath', 'fr', 'Serment', 240, NULL),
    ('runeword.oath', 'fr', 'Orme',    NULL, 111);
